MetaTest/basketball-v2/SuccessRate,MetaTest/Average/TerminationRate,TotalEnvSteps,MetaTest/Average/SuccessRate,MetaTest/Average/StdReturn,MetaTest/basketball-v2/AverageDiscountedReturn,MetaTest/Average/MaxReturn,MetaTest/basketball-v2/NumEpisodes,MetaTest/basketball-v2/TerminationRate,MetaTest/Average/NumEpisodes,MetaTest/basketball-v2/MinReturn,MetaTest/basketball-v2/AverageReturn,MetaTest/Average/Iteration,MetaTest/basketball-v2/StdReturn,MetaTest/Average/AverageReturn,MetaTest/Average/AverageDiscountedReturn,MetaTest/basketball-v2/MaxReturn,MetaTest/Average/MinReturn,MetaTest/basketball-v2/Iteration
0.0,0.0,300000,0.0,3.981287591984125,6.868049531558806,18.43794361655913,10,0.0,10,4.023426154903668,6.868049531558805,0,3.981287591984125,6.868049531558805,6.868049531558806,18.43794361655913,4.023426154903668,0
0.0,0.0,375000,0.0,5.794473976584517,8.692350672262119,19.100440789747285,10,0.0,10,1.6070691638600758,8.69235067226212,1,5.794473976584517,8.69235067226212,8.692350672262119,19.100440789747285,1.6070691638600758,1
0.0,0.0,450000,0.0,4.396444029997539,17.402631257725037,25.967125590266228,10,0.0,10,11.00230340281296,17.40263125772504,2,4.396444029997539,17.40263125772504,17.402631257725037,25.967125590266228,11.00230340281296,2
0.0,0.0,525000,0.0,6.7982319871524854,7.737958271228929,25.52567223772477,10,0.0,10,1.9818638999475553,7.737958271228931,3,6.7982319871524854,7.737958271228931,7.737958271228929,25.52567223772477,1.9818638999475553,3
0.0,0.0,600000,0.0,5.971770612443775,10.483053722102099,19.33532243436675,10,0.0,10,2.2319139087973996,10.483053722102099,4,5.971770612443775,10.483053722102099,10.483053722102099,19.33532243436675,2.2319139087973996,4
0.0,0.0,675000,0.0,4.632984292096046,14.983253683576852,20.940313453218376,10,0.0,10,6.214547964804425,14.983253683576852,5,4.632984292096046,14.983253683576852,14.983253683576852,20.940313453218376,6.214547964804425,5
0.0,0.0,750000,0.0,4.636201457020609,9.803291189667966,18.53804412359394,10,0.0,10,4.583097868687897,9.803291189667965,6,4.636201457020609,9.803291189667965,9.803291189667966,18.53804412359394,4.583097868687897,6
0.0,0.0,825000,0.0,4.664557058541329,7.165392625892467,18.68668399608447,10,0.0,10,2.0648682992530722,7.165392625892467,7,4.664557058541329,7.165392625892467,7.165392625892467,18.68668399608447,2.0648682992530722,7
0.0,0.0,900000,0.0,4.505453138834361,11.436422689291128,20.317208640373337,10,0.0,10,4.770585502042165,11.436422689291131,8,4.505453138834361,11.436422689291131,11.436422689291128,20.317208640373337,4.770585502042165,8
0.0,0.0,975000,0.0,5.069834546625408,11.032881059422243,20.806531053529003,10,0.0,10,5.375677622207583,11.032881059422248,9,5.069834546625408,11.032881059422248,11.032881059422243,20.806531053529003,5.375677622207583,9
0.0,0.0,1050000,0.0,3.634603685331935,11.034174339850695,16.566114357836078,10,0.0,10,2.6845414735918873,11.034174339850699,10,3.634603685331935,11.034174339850699,11.034174339850695,16.566114357836078,2.6845414735918873,10
0.0,0.0,1125000,0.0,4.3737207728556236,9.258956194811706,16.039328391334948,10,0.0,10,3.0090360153584452,9.258956194811706,11,4.3737207728556236,9.258956194811706,9.258956194811706,16.039328391334948,3.0090360153584452,11
0.0,0.0,1200000,0.0,3.926855296298016,15.662748551121092,21.617140678064967,10,0.0,10,8.936678911146421,15.662748551121092,12,3.926855296298016,15.662748551121092,15.662748551121092,21.617140678064967,8.936678911146421,12
0.0,0.0,1275000,0.0,5.5185478975491415,12.464622824558921,24.6309136457558,10,0.0,10,3.165960883976532,12.46462282455892,13,5.5185478975491415,12.46462282455892,12.464622824558921,24.6309136457558,3.165960883976532,13
0.0,0.0,1350000,0.0,5.515050898757078,9.183956973424152,19.19194925063677,10,0.0,10,3.402068896410804,9.183956973424152,14,5.515050898757078,9.183956973424152,9.183956973424152,19.19194925063677,3.402068896410804,14
0.0,0.0,1425000,0.0,8.109988700976222,10.056671080657177,31.208661076968387,10,0.0,10,2.3920711853151313,10.056671080657178,15,8.109988700976222,10.056671080657178,10.056671080657177,31.208661076968387,2.3920711853151313,15
0.0,0.0,1500000,0.0,10.176733210761506,9.586968291473623,36.31339650017801,10,0.0,10,2.2892317105286164,9.586968291473626,16,10.176733210761506,9.586968291473626,9.586968291473623,36.31339650017801,2.2892317105286164,16
0.0,0.0,1575000,0.0,2.011021535525938,5.510240253196516,9.318737736226204,10,0.0,10,2.3479682849355656,5.510240253196517,17,2.011021535525938,5.510240253196517,5.510240253196516,9.318737736226204,2.3479682849355656,17
0.0,0.0,1650000,0.0,4.210351932772346,5.577742314019806,15.009845901542533,10,0.0,10,1.8817345463419752,5.577742314019804,18,4.210351932772346,5.577742314019804,5.577742314019806,15.009845901542533,1.8817345463419752,18
0.0,0.0,1725000,0.0,6.682383493915418,10.393340666907063,18.867348708404762,10,0.0,10,1.4634214745431504,10.393340666907065,19,6.682383493915418,10.393340666907065,10.393340666907063,18.867348708404762,1.4634214745431504,19
0.0,0.0,1800000,0.0,228.4927369842949,83.49765617664488,768.8988028763465,10,0.0,10,3.187355140528813,83.49765617664498,20,228.4927369842949,83.49765617664498,83.49765617664488,768.8988028763465,3.187355140528813,20
0.0,0.0,1875000,0.0,2.9102888936498563,4.183441934891291,9.873355078287839,10,0.0,10,1.5412547291865584,4.183441934891291,21,2.9102888936498563,4.183441934891291,4.183441934891291,9.873355078287839,1.5412547291865584,21
0.0,0.0,1950000,0.0,6.338135404263403,9.463363107861692,20.98618924031494,10,0.0,10,2.6002691673667018,9.4633631078617,22,6.338135404263403,9.4633631078617,9.463363107861692,20.98618924031494,2.6002691673667018,22
0.0,0.0,2025000,0.0,5.1203254689169775,5.217695704017531,17.830883771158888,10,0.0,10,2.011318709334778,5.217695704017534,23,5.1203254689169775,5.217695704017534,5.217695704017531,17.830883771158888,2.011318709334778,23
0.0,0.0,2100000,0.0,1.8739918617297133,6.307984356729514,10.946047304459551,10,0.0,10,4.73939315285709,6.307984356729515,24,1.8739918617297133,6.307984356729515,6.307984356729514,10.946047304459551,4.73939315285709,24
0.0,0.0,2175000,0.0,5.198058012665141,3.898694753065069,19.28573551812244,10,0.0,10,1.4231352261209123,3.8986947530650697,25,5.198058012665141,3.8986947530650697,3.898694753065069,19.28573551812244,1.4231352261209123,25
0.0,0.0,2250000,0.0,33.82784571851344,14.713469188678678,115.96997871447617,10,0.0,10,1.3959200296960752,14.713469188678673,26,33.82784571851344,14.713469188678673,14.713469188678678,115.96997871447617,1.3959200296960752,26
0.0,0.0,2325000,0.0,1.7927349277336841,3.3032364476261717,7.45041606902374,10,0.0,10,1.719251965426654,3.3032364476261726,27,1.7927349277336841,3.3032364476261726,3.3032364476261717,7.45041606902374,1.719251965426654,27
0.0,0.0,2400000,0.0,1.4077202229221686,4.688723813743655,6.654390910572605,10,0.0,10,1.7698458185786985,4.688723813743654,28,1.4077202229221686,4.688723813743654,4.688723813743655,6.654390910572605,1.7698458185786985,28
0.0,0.0,2475000,0.0,1.431324892027413,2.6988879594711497,6.911442671789515,10,0.0,10,1.917958393744153,2.698887959471149,29,1.431324892027413,2.698887959471149,2.6988879594711497,6.911442671789515,1.917958393744153,29
0.0,0.0,2550000,0.0,4.10461637829386,3.7215512710188037,15.839985195205479,10,0.0,10,1.8295407185745785,3.7215512710187992,30,4.10461637829386,3.7215512710187992,3.7215512710188037,15.839985195205479,1.8295407185745785,30
0.0,0.0,2625000,0.0,3.5404842930344538,4.532447503218661,11.412538872898196,10,0.0,10,1.0865990827395247,4.532447503218663,31,3.5404842930344538,4.532447503218663,4.532447503218661,11.412538872898196,1.0865990827395247,31
0.0,0.0,2700000,0.0,3.1279884368767914,3.4041629437031595,12.71307383041099,10,0.0,10,1.8941516178487723,3.404162943703157,32,3.1279884368767914,3.404162943703157,3.4041629437031595,12.71307383041099,1.8941516178487723,32
0.0,0.0,2775000,0.0,3.1241994319192825,3.2249995084854866,12.25670333199206,10,0.0,10,1.0292294690398542,3.224999508485488,33,3.1241994319192825,3.224999508485488,3.2249995084854866,12.25670333199206,1.0292294690398542,33
0.0,0.0,2850000,0.0,1.6682350714406564,3.1141638242810643,7.287984522316675,10,0.0,10,1.7917643494056201,3.1141638242810656,34,1.6682350714406564,3.1141638242810656,3.1141638242810643,7.287984522316675,1.7917643494056201,34
0.0,0.0,2925000,0.0,4.630539326058657,8.838056217603866,17.63335983222435,10,0.0,10,2.0826321941806207,8.838056217603864,35,4.630539326058657,8.838056217603864,8.838056217603866,17.63335983222435,2.0826321941806207,35
0.0,0.0,3000000,0.0,7.00213690614503,9.539134719907242,25.1231295333624,10,0.0,10,1.5318886554438076,9.539134719907238,36,7.00213690614503,9.539134719907238,9.539134719907242,25.1231295333624,1.5318886554438076,36
0.0,0.0,3075000,0.0,5.373845095560557,20.361806758613483,28.282026265416313,10,0.0,10,11.08215264551465,20.36180675861349,37,5.373845095560557,20.36180675861349,20.361806758613483,28.282026265416313,11.08215264551465,37
0.0,0.0,3150000,0.0,2.5637699911113123,4.968990508051417,10.668074575480464,10,0.0,10,1.8217212343425782,4.968990508051415,38,2.5637699911113123,4.968990508051415,4.968990508051417,10.668074575480464,1.8217212343425782,38
0.0,0.0,3225000,0.0,6.500464492334164,13.2688063907321,26.172145109639175,10,0.0,10,2.5268079819820266,13.26880639073211,39,6.500464492334164,13.26880639073211,13.2688063907321,26.172145109639175,2.5268079819820266,39
0.0,0.0,3300000,0.0,6.134315927667578,9.26627044080496,18.56429681654819,10,0.0,10,1.490100138953935,9.266270440804957,40,6.134315927667578,9.266270440804957,9.26627044080496,18.56429681654819,1.490100138953935,40
0.0,0.0,3375000,0.0,7.330620227800023,9.426582222408625,23.142863180908314,10,0.0,10,0.8688191628227635,9.426582222408623,41,7.330620227800023,9.426582222408623,9.426582222408625,23.142863180908314,0.8688191628227635,41
0.0,0.0,3450000,0.0,7.492915251282164,9.5726159318145,20.33554549487012,10,0.0,10,1.0346219181662868,9.5726159318145,42,7.492915251282164,9.5726159318145,9.5726159318145,20.33554549487012,1.0346219181662868,42
0.0,0.0,3525000,0.0,6.046657198164158,6.575951319410999,18.322788197566894,10,0.0,10,1.4137173227010795,6.5759513194110015,43,6.046657198164158,6.5759513194110015,6.575951319410999,18.322788197566894,1.4137173227010795,43
0.0,0.0,3600000,0.0,8.503839803810045,14.912322632889708,35.49545861907666,10,0.0,10,7.163800000187556,14.912322632889715,44,8.503839803810045,14.912322632889715,14.912322632889708,35.49545861907666,7.163800000187556,44
0.0,0.0,3675000,0.0,6.496383454537173,14.055082165012418,23.822901282576737,10,0.0,10,4.594501698359247,14.055082165012418,45,6.496383454537173,14.055082165012418,14.055082165012418,23.822901282576737,4.594501698359247,45
0.0,0.0,3750000,0.0,22.655781418023597,18.433138589908346,83.22170021946357,10,0.0,10,3.6498938066161255,18.433138589908342,46,22.655781418023597,18.433138589908342,18.433138589908346,83.22170021946357,3.6498938066161255,46
0.0,0.0,3825000,0.0,5.057967934965104,12.424981547522792,22.986666367429716,10,0.0,10,4.847737318175926,12.42498154752279,47,5.057967934965104,12.42498154752279,12.424981547522792,22.986666367429716,4.847737318175926,47
0.0,0.0,3900000,0.0,5.318247328569798,13.033871609908186,20.737128147205194,10,0.0,10,4.611685544486304,13.033871609908186,48,5.318247328569798,13.033871609908186,13.033871609908186,20.737128147205194,4.611685544486304,48
0.0,0.0,3975000,0.0,261.1105899909242,149.91249911924066,904.2990513472927,10,0.0,10,14.18604297539783,149.91249911924066,49,261.1105899909242,149.91249911924066,149.91249911924066,904.2990513472927,14.18604297539783,49
0.0,0.0,4050000,0.0,107.28409306442006,42.295682140125585,363.86296110018185,10,0.0,10,1.3502705151807644,42.29568214012554,50,107.28409306442006,42.29568214012554,42.295682140125585,363.86296110018185,1.3502705151807644,50
0.0,0.0,4125000,0.0,5.844603049225826,8.71318033306441,23.90051163369818,10,0.0,10,3.278622078014449,8.713180333064408,51,5.844603049225826,8.713180333064408,8.71318033306441,23.90051163369818,3.278622078014449,51
0.0,0.0,4200000,0.0,313.65937433884005,153.44437459222877,1040.6628111418286,10,0.0,10,3.1449543884023554,153.4443745922288,52,313.65937433884005,153.4443745922288,153.44437459222877,1040.6628111418286,3.1449543884023554,52
0.0,0.0,4275000,0.0,14.254945985665564,15.676609379957227,46.57250761167754,10,0.0,10,1.3671251661015595,15.676609379957231,53,14.254945985665564,15.676609379957231,15.676609379957227,46.57250761167754,1.3671251661015595,53
0.1,0.0,4350000,0.1,93.29969472096319,39.89658601868059,319.66215720995194,10,0.0,10,3.2129998565128743,39.89658601868059,54,93.29969472096319,39.89658601868059,39.89658601868059,319.66215720995194,3.2129998565128743,54
0.0,0.0,4425000,0.0,7.50324280753748,12.785589048287793,31.118412835966488,10,0.0,10,5.257470023659284,12.785589048287793,55,7.50324280753748,12.785589048287793,12.785589048287793,31.118412835966488,5.257470023659284,55
0.0,0.0,4500000,0.0,5.963258102554866,9.652824062345514,24.422176873585993,10,0.0,10,2.0766571506481757,9.652824062345513,56,5.963258102554866,9.652824062345513,9.652824062345514,24.422176873585993,2.0766571506481757,56
0.0,0.0,4575000,0.0,10.939552115461954,12.318364908911605,43.505020717082466,10,0.0,10,4.05589266511174,12.318364908911597,57,10.939552115461954,12.318364908911597,12.318364908911605,43.505020717082466,4.05589266511174,57
0.0,0.0,4650000,0.0,4.06692790337002,15.892371017317334,24.015803315438713,10,0.0,10,10.937760297155402,15.892371017317334,58,4.06692790337002,15.892371017317334,15.892371017317334,24.015803315438713,10.937760297155402,58
0.0,0.0,4725000,0.0,11.028095039338186,19.809480644040423,48.62747394350056,10,0.0,10,5.899965931081441,19.80948064404042,59,11.028095039338186,19.80948064404042,19.809480644040423,48.62747394350056,5.899965931081441,59
0.0,0.0,4800000,0.0,35.47713571860272,26.27241878427774,129.86042833980028,10,0.0,10,5.689201806540275,26.27241878427775,60,35.47713571860272,26.27241878427775,26.27241878427774,129.86042833980028,5.689201806540275,60
0.0,0.0,4875000,0.0,2.494317185864069,14.954045879885168,18.22441168684834,10,0.0,10,11.147603705972962,14.954045879885175,61,2.494317185864069,14.954045879885175,14.954045879885168,18.22441168684834,11.147603705972962,61
0.0,0.0,4950000,0.0,5.154270150904921,9.36414131948218,17.37340050528114,10,0.0,10,2.9436500768224163,9.364141319482178,62,5.154270150904921,9.364141319482178,9.36414131948218,17.37340050528114,2.9436500768224163,62
0.0,0.0,5025000,0.0,124.39827278051676,75.34117287761123,376.74540193373554,10,0.0,10,4.836747507705026,75.34117287761127,63,124.39827278051676,75.34117287761127,75.34117287761123,376.74540193373554,4.836747507705026,63
0.0,0.0,5100000,0.0,9.65516221422308,11.215414513273918,39.02745757287444,10,0.0,10,4.484290302491805,11.215414513273918,64,9.65516221422308,11.215414513273918,11.215414513273918,39.02745757287444,4.484290302491805,64
0.0,0.0,5175000,0.0,9.561868921650712,12.368272808027118,39.88066944004101,10,0.0,10,5.514221870794814,12.368272808027118,65,9.561868921650712,12.368272808027118,12.368272808027118,39.88066944004101,5.514221870794814,65
0.0,0.0,5250000,0.0,5.796637686238068,10.410422875513621,22.679468463343085,10,0.0,10,3.6384043825228325,10.410422875513618,66,5.796637686238068,10.410422875513618,10.410422875513621,22.679468463343085,3.6384043825228325,66
0.0,0.0,5325000,0.0,41.060717569981854,28.413117311850403,115.62333637316853,10,0.0,10,2.4396699869485357,28.413117311850378,67,41.060717569981854,28.413117311850378,28.413117311850403,115.62333637316853,2.4396699869485357,67
0.0,0.0,5400000,0.0,3.827247645916975,14.316704032743093,20.103584764385293,10,0.0,10,5.526633195141887,14.316704032743093,68,3.827247645916975,14.316704032743093,14.316704032743093,20.103584764385293,5.526633195141887,68
0.0,0.0,5475000,0.0,6.180079820713463,10.951373870377566,24.18385227523365,10,0.0,10,4.56789857651666,10.95137387037757,69,6.180079820713463,10.95137387037757,10.951373870377566,24.18385227523365,4.56789857651666,69
0.0,0.0,5550000,0.0,5.491997613380346,14.220570927961102,24.49638338244216,10,0.0,10,6.347289053551699,14.220570927961097,70,5.491997613380346,14.220570927961097,14.220570927961102,24.49638338244216,6.347289053551699,70
0.0,0.0,5625000,0.0,10.908524605486344,20.696942068059325,33.57922935637515,10,0.0,10,3.762756634950067,20.696942068059336,71,10.908524605486344,20.696942068059336,20.696942068059325,33.57922935637515,3.762756634950067,71
0.0,0.0,5700000,0.0,6.365852345005431,12.37122673175268,24.74958827894236,10,0.0,10,2.5899351257571936,12.37122673175268,72,6.365852345005431,12.37122673175268,12.37122673175268,24.74958827894236,2.5899351257571936,72
0.0,0.0,5775000,0.0,7.176545107903404,19.34798194200535,28.87818677824134,10,0.0,10,3.074610452766726,19.34798194200535,73,7.176545107903404,19.34798194200535,19.34798194200535,28.87818677824134,3.074610452766726,73
0.0,0.0,5850000,0.0,4.639451821100236,13.211763488114514,20.55281274055368,10,0.0,10,4.682807511705994,13.211763488114519,74,4.639451821100236,13.211763488114519,13.211763488114514,20.55281274055368,4.682807511705994,74
0.0,0.0,5925000,0.0,9.487073466771461,15.62297886467237,31.42619237625999,10,0.0,10,2.305508380608107,15.622978864672367,75,9.487073466771461,15.622978864672367,15.62297886467237,31.42619237625999,2.305508380608107,75
0.0,0.0,6000000,0.0,4.645552946441063,14.647459446039653,26.21546191172294,10,0.0,10,9.790957623911435,14.647459446039647,76,4.645552946441063,14.647459446039647,14.647459446039653,26.21546191172294,9.790957623911435,76
0.0,0.0,6075000,0.0,2.7362409565202905,16.646425185336795,21.531834160522894,10,0.0,10,11.588831852319629,16.64642518533679,77,2.7362409565202905,16.64642518533679,16.646425185336795,21.531834160522894,11.588831852319629,77
0.0,0.0,6150000,0.0,5.873579596292386,11.713854292351702,20.004986682267234,10,0.0,10,2.318758252746972,11.713854292351698,78,5.873579596292386,11.713854292351698,11.713854292351702,20.004986682267234,2.318758252746972,78
0.0,0.0,6225000,0.0,6.153668964753293,10.704966028640762,21.55345042896949,10,0.0,10,3.4252074318173245,10.70496602864076,79,6.153668964753293,10.70496602864076,10.704966028640762,21.55345042896949,3.4252074318173245,79
0.0,0.0,6300000,0.0,27.75327962718657,20.349324774082895,102.51807352687592,10,0.0,10,5.42659057474672,20.34932477408289,80,27.75327962718657,20.34932477408289,20.349324774082895,102.51807352687592,5.42659057474672,80
0.0,0.0,6375000,0.0,7.263500679309312,11.939487830900086,30.61814844333699,10,0.0,10,7.050764894894541,11.939487830900077,81,7.263500679309312,11.939487830900077,11.939487830900086,30.61814844333699,7.050764894894541,81
0.0,0.0,6450000,0.0,4.435847782251293,10.207570373654518,16.15601232990476,10,0.0,10,3.7924216236288477,10.207570373654516,82,4.435847782251293,10.207570373654516,10.207570373654518,16.15601232990476,3.7924216236288477,82
0.0,0.0,6525000,0.0,5.74042132659202,10.202525374761837,17.67048113753247,10,0.0,10,0.46665007752504006,10.202525374761839,83,5.74042132659202,10.202525374761839,10.202525374761837,17.67048113753247,0.46665007752504006,83
0.0,0.0,6600000,0.0,4.345246753048249,6.828165349901317,14.5037801916304,10,0.0,10,1.2611305408823281,6.828165349901317,84,4.345246753048249,6.828165349901317,6.828165349901317,14.5037801916304,1.2611305408823281,84
0.0,0.0,6675000,0.0,7.593493646443672,11.368922809535203,27.284059806754303,10,0.0,10,2.4390867711395003,11.368922809535203,85,7.593493646443672,11.368922809535203,11.368922809535203,27.284059806754303,2.4390867711395003,85
0.0,0.0,6750000,0.0,211.3436870722519,78.79796355539095,712.621147539624,10,0.0,10,1.6086196571099838,78.79796355539096,86,211.3436870722519,78.79796355539096,78.79796355539095,712.621147539624,1.6086196571099838,86
0.0,0.0,6825000,0.0,7.316023594291302,11.125699547887045,23.680665102675288,10,0.0,10,3.581582473593623,11.12569954788705,87,7.316023594291302,11.12569954788705,11.125699547887045,23.680665102675288,3.581582473593623,87
0.0,0.0,6900000,0.0,9.791818037575805,12.667537220208516,32.78545152729916,10,0.0,10,2.1083009828292543,12.667537220208512,88,9.791818037575805,12.667537220208512,12.667537220208516,32.78545152729916,2.1083009828292543,88
0.0,0.0,6975000,0.0,8.075095841213148,14.678380363125655,28.843806492191423,10,0.0,10,2.963018281483751,14.67838036312565,89,8.075095841213148,14.67838036312565,14.678380363125655,28.843806492191423,2.963018281483751,89
0.0,0.0,7050000,0.0,9.380056912614762,17.868680016487726,38.31536516052763,10,0.0,10,4.820054595022856,17.868680016487723,90,9.380056912614762,17.868680016487723,17.868680016487726,38.31536516052763,4.820054595022856,90
0.0,0.0,7125000,0.0,5.4195950636503385,13.15067561189496,22.70813268562245,10,0.0,10,3.643264434604571,13.150675611894965,91,5.4195950636503385,13.150675611894965,13.15067561189496,22.70813268562245,3.643264434604571,91
0.0,0.0,7200000,0.0,47.51839666090149,32.41754394650744,174.09064806564095,10,0.0,10,7.891633974839186,32.41754394650745,92,47.51839666090149,32.41754394650745,32.41754394650744,174.09064806564095,7.891633974839186,92
0.0,0.0,7275000,0.0,400.3177478628441,140.99232296478485,1341.6899092085014,10,0.0,10,1.2972321533609796,140.99232296478468,93,400.3177478628441,140.99232296478468,140.99232296478485,1341.6899092085014,1.2972321533609796,93
0.0,0.0,7350000,0.0,8.45532745258118,14.59351743068299,26.85304312993346,10,0.0,10,1.6136957519532376,14.59351743068299,94,8.45532745258118,14.59351743068299,14.59351743068299,26.85304312993346,1.6136957519532376,94
0.0,0.0,7425000,0.0,6.768145525869174,11.183638040878638,23.525845935856776,10,0.0,10,2.6824270281783225,11.183638040878634,95,6.768145525869174,11.183638040878634,11.183638040878638,23.525845935856776,2.6824270281783225,95
0.0,0.0,7500000,0.0,1.561172636903883,6.064305890944545,8.050427621148016,10,0.0,10,2.90859863577732,6.064305890944546,96,1.561172636903883,6.064305890944546,6.064305890944545,8.050427621148016,2.90859863577732,96
0.0,0.0,7575000,0.0,6.370757601360546,8.225417475234652,25.88029074941077,10,0.0,10,0.9391553885523096,8.225417475234645,97,6.370757601360546,8.225417475234645,8.225417475234652,25.88029074941077,0.9391553885523096,97
0.0,0.0,7650000,0.0,13.370234991214963,16.617168187187154,53.802423134553685,10,0.0,10,5.099694094382071,16.617168187187154,98,13.370234991214963,16.617168187187154,16.617168187187154,53.802423134553685,5.099694094382071,98
0.0,0.0,7725000,0.0,30.65075097242552,21.120834178268627,108.07080749625737,10,0.0,10,3.9443687380965953,21.120834178268627,99,30.65075097242552,21.120834178268627,21.120834178268627,108.07080749625737,3.9443687380965953,99
0.0,0.0,7800000,0.0,66.33639060349715,47.37021861431474,177.0373146551326,10,0.0,10,1.7202577917092234,47.370218614314744,100,66.33639060349715,47.370218614314744,47.37021861431474,177.0373146551326,1.7202577917092234,100
0.0,0.0,7875000,0.0,68.06378360146685,40.82247185508306,236.5256028273674,10,0.0,10,1.9730475812175186,40.82247185508308,101,68.06378360146685,40.82247185508308,40.82247185508306,236.5256028273674,1.9730475812175186,101
0.0,0.0,7950000,0.0,7.323266445932757,9.685114441995339,30.444227708632138,10,0.0,10,4.42355478130366,9.685114441995342,102,7.323266445932757,9.685114441995342,9.685114441995339,30.444227708632138,4.42355478130366,102
0.0,0.0,8025000,0.0,60.12238362262134,30.98914029214144,211.12785461076353,10,0.0,10,6.567791752673148,30.989140292141457,103,60.12238362262134,30.989140292141457,30.98914029214144,211.12785461076353,6.567791752673148,103
0.0,0.0,8100000,0.0,184.44338014700486,79.64493330236442,626.9075855927966,10,0.0,10,3.348350821937181,79.64493330236446,104,184.44338014700486,79.64493330236446,79.64493330236442,626.9075855927966,3.348350821937181,104
0.0,0.0,8175000,0.0,85.23273259029675,38.35092339339424,293.58899447043336,10,0.0,10,3.524391168122768,38.35092339339434,105,85.23273259029675,38.35092339339434,38.35092339339424,293.58899447043336,3.524391168122768,105
0.0,0.0,8250000,0.0,283.98141953741117,142.9071000227041,942.6051996214745,10,0.0,10,3.81130232694795,142.90710002270424,106,283.98141953741117,142.90710002270424,142.9071000227041,942.6051996214745,3.81130232694795,106
0.0,0.0,8325000,0.0,2.723833816153441,5.195884401905006,10.65335332667904,10,0.0,10,1.7837202984715963,5.195884401905008,107,2.723833816153441,5.195884401905008,5.195884401905006,10.65335332667904,1.7837202984715963,107
0.0,0.0,8400000,0.0,115.63607429946366,44.60646839694243,390.95695425724955,10,0.0,10,2.495576734620629,44.60646839694245,108,115.63607429946366,44.60646839694245,44.60646839694243,390.95695425724955,2.495576734620629,108
0.0,0.0,8475000,0.0,93.52121547989593,52.35910492400309,321.696123066056,10,0.0,10,2.7881867867150074,52.359104924003134,109,93.52121547989593,52.359104924003134,52.35910492400309,321.696123066056,2.7881867867150074,109
0.0,0.0,8550000,0.0,272.316910129808,114.717305830027,924.6321846847967,10,0.0,10,4.470487744266761,114.71730583002712,110,272.316910129808,114.71730583002712,114.717305830027,924.6321846847967,4.470487744266761,110
0.0,0.0,8625000,0.0,373.79277374088036,238.0326447821704,1144.648672400019,10,0.0,10,2.7085754375733146,238.03264478217025,111,373.79277374088036,238.03264478217025,238.0326447821704,1144.648672400019,2.7085754375733146,111
0.0,0.0,8700000,0.0,173.38633008505064,87.30400601188157,573.4857551676816,10,0.0,10,1.0499870332245147,87.30400601188157,112,173.38633008505064,87.30400601188157,87.30400601188157,573.4857551676816,1.0499870332245147,112
0.0,0.0,8775000,0.0,297.9427695380737,164.3754008772659,817.3269391624993,10,0.0,10,1.427524122992636,164.37540087726592,113,297.9427695380737,164.37540087726592,164.3754008772659,817.3269391624993,1.427524122992636,113
0.0,0.0,8850000,0.0,27.144958860112748,15.87148432061166,96.41502511831057,10,0.0,10,0.6287206666992728,15.871484320611662,114,27.144958860112748,15.871484320611662,15.87148432061166,96.41502511831057,0.6287206666992728,114
0.0,0.0,8925000,0.0,45.2097862554802,41.94984007978008,174.23187292754918,10,0.0,10,9.11891430508885,41.94984007978008,115,45.2097862554802,41.94984007978008,41.94984007978008,174.23187292754918,9.11891430508885,115
0.0,0.0,9000000,0.0,296.0529575341446,147.78184801038176,1000.9956506976844,10,0.0,10,1.1325295089636078,147.78184801038165,116,296.0529575341446,147.78184801038165,147.78184801038176,1000.9956506976844,1.1325295089636078,116
0.0,0.0,9075000,0.0,434.9330346347528,244.66605723191842,1201.2687148157397,10,0.0,10,3.9442363469932253,244.6660572319185,117,434.9330346347528,244.6660572319185,244.66605723191842,1201.2687148157397,3.9442363469932253,117
0.0,0.0,9150000,0.0,378.987861476028,354.95369579002755,910.8053536924518,10,0.0,10,7.455964658999439,354.95369579002784,118,378.987861476028,354.95369579002784,354.95369579002755,910.8053536924518,7.455964658999439,118
0.0,0.0,9225000,0.0,251.12348792052302,130.73973908598882,882.0340524603546,10,0.0,10,28.961266927161375,130.73973908598884,119,251.12348792052302,130.73973908598884,130.73973908598882,882.0340524603546,28.961266927161375,119
0.0,0.0,9300000,0.0,37.82210746447332,42.40137199482719,153.53845244416877,10,0.0,10,8.2457153897823,42.40137199482718,120,37.82210746447332,42.40137199482718,42.40137199482719,153.53845244416877,8.2457153897823,120
0.0,0.0,9375000,0.0,369.61629335080255,328.4166615281459,957.9891996249352,10,0.0,10,14.732319458176782,328.41666152814594,121,369.61629335080255,328.41666152814594,328.4166615281459,957.9891996249352,14.732319458176782,121
0.0,0.0,9450000,0.0,399.7927480396959,284.19499471630513,1307.3711868277585,10,0.0,10,12.865744808852938,284.19499471630513,122,399.7927480396959,284.19499471630513,284.19499471630513,1307.3711868277585,12.865744808852938,122
0.0,0.0,9525000,0.0,616.2931235710648,636.7446469717227,1359.2654327394573,10,0.0,10,10.712132944683265,636.7446469717223,123,616.2931235710648,636.7446469717223,636.7446469717227,1359.2654327394573,10.712132944683265,123
0.0,0.0,9600000,0.0,270.81283635210286,193.83860151018953,893.7320597184562,10,0.0,10,15.615674919110841,193.83860151018962,124,270.81283635210286,193.83860151018962,193.83860151018953,893.7320597184562,15.615674919110841,124
0.1,0.0,9675000,0.1,356.3589858195945,280.1352209360396,1096.9383483312993,10,0.0,10,13.090220661548544,280.1352209360397,125,356.3589858195945,280.1352209360397,280.1352209360396,1096.9383483312993,13.090220661548544,125
0.0,0.0,9750000,0.0,636.560419610104,660.9425006086129,1643.159877069457,10,0.0,10,1.5611659713272819,660.9425006086127,126,636.560419610104,660.9425006086127,660.9425006086129,1643.159877069457,1.5611659713272819,126
0.0,0.0,9825000,0.0,670.0878739051276,641.6144364511774,1625.0930677923998,10,0.0,10,1.644364616952026,641.6144364511772,127,670.0878739051276,641.6144364511772,641.6144364511774,1625.0930677923998,1.644364616952026,127
0.2,0.0,9900000,0.2,492.63743674436506,409.11060287512566,1548.678045767405,10,0.0,10,6.960288867805787,409.1106028751258,128,492.63743674436506,409.1106028751258,409.11060287512566,1548.678045767405,6.960288867805787,128
0.0,0.0,9975000,0.0,436.8026806088999,649.988991444369,1142.1094848703679,10,0.0,10,6.220860172182637,649.9889914443692,129,436.8026806088999,649.9889914443692,649.988991444369,1142.1094848703679,6.220860172182637,129
0.1,0.0,10050000,0.1,544.698009699025,575.7793990350019,1897.3205052625435,10,0.0,10,1.9663135022851295,575.7793990350021,130,544.698009699025,575.7793990350021,575.7793990350019,1897.3205052625435,1.9663135022851295,130
0.0,0.0,10125000,0.0,422.6580888053315,277.05571382942327,1184.291257304866,10,0.0,10,2.1192854090171247,277.05571382942304,131,422.6580888053315,277.05571382942304,277.05571382942327,1184.291257304866,2.1192854090171247,131
0.0,0.0,10200000,0.0,505.045523946047,789.5075400579359,1412.6928507500595,10,0.0,10,16.24318931087411,789.5075400579357,132,505.045523946047,789.5075400579357,789.5075400579359,1412.6928507500595,16.24318931087411,132
0.0,0.0,10275000,0.0,583.643123317018,685.950302273335,1754.6458605011949,10,0.0,10,1.3147657921930611,685.9503022733353,133,583.643123317018,685.9503022733353,685.950302273335,1754.6458605011949,1.3147657921930611,133
0.0,0.0,10350000,0.0,530.5042719855637,430.8146654974247,1329.3694356171595,10,0.0,10,12.448312060763584,430.8146654974249,134,530.5042719855637,430.8146654974249,430.8146654974247,1329.3694356171595,12.448312060763584,134
0.1,0.0,10425000,0.1,458.0623595124777,468.3335139046244,1354.609033312804,10,0.0,10,5.877233842755381,468.3335139046245,135,458.0623595124777,468.3335139046245,468.3335139046244,1354.609033312804,5.877233842755381,135
0.2,0.0,10500000,0.2,707.2536003646057,721.258337467503,1929.1868168368517,10,0.0,10,2.8317867446549414,721.258337467503,136,707.2536003646057,721.258337467503,721.258337467503,1929.1868168368517,2.8317867446549414,136
0.1,0.0,10575000,0.1,702.516972160433,425.5488902898875,2126.0127665411715,10,0.0,10,9.984856245249064,425.5488902898877,137,702.516972160433,425.5488902898877,425.5488902898875,2126.0127665411715,9.984856245249064,137
0.1,0.0,10650000,0.1,583.5111198421839,681.0717660033357,1745.3210007515893,10,0.0,10,1.6331392014301382,681.0717660033356,138,583.5111198421839,681.0717660033356,681.0717660033357,1745.3210007515893,1.6331392014301382,138
0.0,0.0,10725000,0.0,547.0992927289303,584.1366412595208,1776.9016781615196,10,0.0,10,14.954398507959558,584.136641259521,139,547.0992927289303,584.136641259521,584.1366412595208,1776.9016781615196,14.954398507959558,139
0.1,0.0,10800000,0.1,467.0424184386639,730.7666389451825,1345.873199329296,10,0.0,10,10.673168636656106,730.7666389451826,140,467.0424184386639,730.7666389451826,730.7666389451825,1345.873199329296,10.673168636656106,140
0.1,0.0,10875000,0.1,589.078886022928,788.354698070447,1917.1832331867988,10,0.0,10,23.122655377716722,788.3546980704465,141,589.078886022928,788.3546980704465,788.354698070447,1917.1832331867988,23.122655377716722,141
0.0,0.0,10950000,0.0,599.7378170014917,442.72717300518553,1895.1863606645204,10,0.0,10,9.388504006642668,442.7271730051859,142,599.7378170014917,442.7271730051859,442.72717300518553,1895.1863606645204,9.388504006642668,142
0.0,0.0,11025000,0.0,523.5926941476521,274.81742554968383,1700.7893351813786,10,0.0,10,5.949864471925261,274.8174255496838,143,523.5926941476521,274.8174255496838,274.81742554968383,1700.7893351813786,5.949864471925261,143
0.1,0.0,11100000,0.1,620.3620668910967,629.0341743166748,1895.9953255998132,10,0.0,10,17.036433743778503,629.0341743166746,144,620.3620668910967,629.0341743166746,629.0341743166748,1895.9953255998132,17.036433743778503,144
0.0,0.0,11175000,0.0,482.3696239663863,467.0937857902397,1125.2152940091617,10,0.0,10,20.298402253779827,467.09378579023985,145,482.3696239663863,467.09378579023985,467.0937857902397,1125.2152940091617,20.298402253779827,145
0.1,0.0,11250000,0.1,535.8318906684891,680.9503387642606,1334.1077746394772,10,0.0,10,15.434875792613099,680.9503387642598,146,535.8318906684891,680.9503387642598,680.9503387642606,1334.1077746394772,15.434875792613099,146
0.0,0.0,11325000,0.0,398.8813727863823,887.4751297687826,1632.10981676883,10,0.0,10,38.054649838551086,887.4751297687826,147,398.8813727863823,887.4751297687826,887.4751297687826,1632.10981676883,38.054649838551086,147
0.0,0.0,11400000,0.0,417.3836464399536,921.3323032583266,1903.2356599001087,10,0.0,10,50.827003904717095,921.3323032583266,148,417.3836464399536,921.3323032583266,921.3323032583266,1903.2356599001087,50.827003904717095,148
0.1,0.0,11475000,0.1,471.66080034882566,723.0644774710372,1664.657607916552,10,0.0,10,65.59583950849519,723.0644774710371,149,471.66080034882566,723.0644774710371,723.0644774710372,1664.657607916552,65.59583950849519,149
0.0,0.0,11550000,0.0,340.1898979887543,889.4420215890159,1263.9571743817153,10,0.0,10,18.903868736090025,889.4420215890161,150,340.1898979887543,889.4420215890161,889.4420215890159,1263.9571743817153,18.903868736090025,150
0.0,0.0,11625000,0.0,431.9666213905855,643.5063372611951,1312.642763954132,10,0.0,10,33.76513930192583,643.5063372611953,151,431.9666213905855,643.5063372611953,643.5063372611951,1312.642763954132,33.76513930192583,151
0.0,0.0,11700000,0.0,468.1324943826531,1112.4142914159129,1824.6232030558153,10,0.0,10,143.0513498762226,1112.4142914159127,152,468.1324943826531,1112.4142914159127,1112.4142914159129,1824.6232030558153,143.0513498762226,152
0.0,0.0,11775000,0.0,447.1724154131036,540.4583327229559,1174.8152170954713,10,0.0,10,22.014452660386112,540.458332722956,153,447.1724154131036,540.458332722956,540.4583327229559,1174.8152170954713,22.014452660386112,153
0.0,0.0,11850000,0.0,435.56094386676847,927.5420239026213,1237.6086076335353,10,0.0,10,49.267938999330404,927.542023902621,154,435.56094386676847,927.542023902621,927.5420239026213,1237.6086076335353,49.267938999330404,154
0.0,0.0,11925000,0.0,246.98724474683038,1032.6843372124458,1364.5079552377788,10,0.0,10,475.32911814382084,1032.6843372124458,155,246.98724474683038,1032.6843372124458,1032.6843372124458,1364.5079552377788,475.32911814382084,155
0.0,0.0,12000000,0.0,467.5855322702559,1157.175963406398,1834.915006691461,10,0.0,10,287.2988049047637,1157.1759634063978,156,467.5855322702559,1157.1759634063978,1157.175963406398,1834.915006691461,287.2988049047637,156
0.2,0.0,12075000,0.2,553.7958964061403,1011.3011522819097,1847.1478300249316,10,0.0,10,7.051674587744876,1011.3011522819094,157,553.7958964061403,1011.3011522819094,1011.3011522819097,1847.1478300249316,7.051674587744876,157
0.1,0.0,12150000,0.1,360.6853463848505,909.9545922265437,1484.993593760993,10,0.0,10,415.20107648147444,909.9545922265437,158,360.6853463848505,909.9545922265437,909.9545922265437,1484.993593760993,415.20107648147444,158
0.0,0.0,12225000,0.0,332.3076487652887,1044.6327763188547,1580.007129834228,10,0.0,10,394.20437779085904,1044.6327763188547,159,332.3076487652887,1044.6327763188547,1044.6327763188547,1580.007129834228,394.20437779085904,159
0.1,0.0,12300000,0.1,641.9210527212948,1153.1980587177056,1908.2469432377857,10,0.0,10,107.89517381668804,1153.1980587177054,160,641.9210527212948,1153.1980587177054,1153.1980587177056,1908.2469432377857,107.89517381668804,160
0.4,0.0,12375000,0.4,584.6081416126849,1208.4010171884104,1886.828256436497,10,0.0,10,78.5153748160749,1208.4010171884106,161,584.6081416126849,1208.4010171884106,1208.4010171884104,1886.828256436497,78.5153748160749,161
0.3,0.0,12450000,0.3,511.6655480669085,1392.5271512466015,2150.367526458835,10,0.0,10,288.0617844853135,1392.5271512466015,162,511.6655480669085,1392.5271512466015,1392.5271512466015,2150.367526458835,288.0617844853135,162
0.1,0.0,12525000,0.1,505.67377781224417,1194.8629780287308,1946.5354827513554,10,0.0,10,313.52313881830474,1194.8629780287315,163,505.67377781224417,1194.8629780287315,1194.8629780287308,1946.5354827513554,313.52313881830474,163
0.1,0.0,12600000,0.1,279.28117772266955,781.3830103981011,1166.7761146077164,10,0.0,10,274.45106004196657,781.3830103981011,164,279.28117772266955,781.3830103981011,781.3830103981011,1166.7761146077164,274.45106004196657,164
0.3,0.0,12675000,0.3,414.76544872008753,802.6716551018804,1671.3066239551613,10,0.0,10,277.19298748830045,802.6716551018806,165,414.76544872008753,802.6716551018806,802.6716551018804,1671.3066239551613,277.19298748830045,165
0.0,0.0,12750000,0.0,519.7757603830378,1085.7862162528597,2148.340194429637,10,0.0,10,32.618638410124696,1085.7862162528595,166,519.7757603830378,1085.7862162528595,1085.7862162528597,2148.340194429637,32.618638410124696,166
0.0,0.0,12825000,0.0,614.8306825726394,1168.41146330595,2110.1849336661526,10,0.0,10,7.597619098225324,1168.4114633059503,167,614.8306825726394,1168.4114633059503,1168.41146330595,2110.1849336661526,7.597619098225324,167
0.4,0.0,12900000,0.4,1151.5666795930993,1580.1705603428754,4212.146216983972,10,0.0,10,153.50255577548083,1580.1705603428757,168,1151.5666795930993,1580.1705603428757,1580.1705603428754,4212.146216983972,153.50255577548083,168
0.0,0.0,12975000,0.0,569.821822548272,715.1886243315,1413.9897000794392,10,0.0,10,23.46000790172869,715.1886243315005,169,569.821822548272,715.1886243315005,715.1886243315,1413.9897000794392,23.46000790172869,169
0.0,0.0,13050000,0.0,541.730926696919,916.3179341170184,2037.8189263028753,10,0.0,10,272.1185244611652,916.3179341170184,170,541.730926696919,916.3179341170184,916.3179341170184,2037.8189263028753,272.1185244611652,170
0.0,0.0,13125000,0.0,451.8636602973945,818.2685784487613,1536.6345804087325,10,0.0,10,201.5546773716635,818.268578448761,171,451.8636602973945,818.268578448761,818.2685784487613,1536.6345804087325,201.5546773716635,171
0.2,0.0,13200000,0.2,518.7178768615092,1005.7363395430002,1727.4929860882555,10,0.0,10,21.262299022467577,1005.7363395429999,172,518.7178768615092,1005.7363395429999,1005.7363395430002,1727.4929860882555,21.262299022467577,172
0.0,0.0,13275000,0.0,523.6464139752329,675.1291456653487,1462.7921504935846,10,0.0,10,19.82069530677273,675.1291456653488,173,523.6464139752329,675.1291456653488,675.1291456653487,1462.7921504935846,19.82069530677273,173
0.0,0.0,13350000,0.0,515.3551542723716,588.9369203453343,1363.7423496850054,10,0.0,10,15.112269469751098,588.9369203453346,174,515.3551542723716,588.9369203453346,588.9369203453343,1363.7423496850054,15.112269469751098,174
0.0,0.0,13425000,0.0,515.418181899943,766.3709115056433,1384.010421885723,10,0.0,10,21.346508356141243,766.3709115056433,175,515.418181899943,766.3709115056433,766.3709115056433,1384.010421885723,21.346508356141243,175
0.0,0.0,13500000,0.0,519.8059795315218,1007.8282218208242,1578.6464119503862,10,0.0,10,15.256172681412368,1007.828221820824,176,519.8059795315218,1007.828221820824,1007.8282218208242,1578.6464119503862,15.256172681412368,176
0.1,0.0,13575000,0.1,769.6098625831995,594.7372054293515,2165.6011394255156,10,0.0,10,11.259507743067916,594.7372054293517,177,769.6098625831995,594.7372054293517,594.7372054293515,2165.6011394255156,11.259507743067916,177
0.0,0.0,13650000,0.0,631.8632703115387,389.30669982208445,1952.2969098501994,10,0.0,10,12.608345126676605,389.3066998220844,178,631.8632703115387,389.3066998220844,389.30669982208445,1952.2969098501994,12.608345126676605,178
0.0,0.0,13725000,0.0,529.2967742132402,670.0759778912687,1435.9825220002954,10,0.0,10,15.647913233863243,670.0759778912691,179,529.2967742132402,670.0759778912691,670.0759778912687,1435.9825220002954,15.647913233863243,179
0.0,0.0,13800000,0.0,536.126766417846,872.2131045705698,1814.4992242862513,10,0.0,10,60.73894425025935,872.2131045705697,180,536.126766417846,872.2131045705697,872.2131045705698,1814.4992242862513,60.73894425025935,180
0.0,0.0,13875000,0.0,443.8241719679735,716.0255970537664,1241.8207046693972,10,0.0,10,21.930490209133225,716.0255970537662,181,443.8241719679735,716.0255970537662,716.0255970537664,1241.8207046693972,21.930490209133225,181
0.2,0.0,13950000,0.2,557.204799720791,1115.1913650260324,2021.0900021893667,10,0.0,10,13.541152802124964,1115.1913650260326,182,557.204799720791,1115.1913650260326,1115.1913650260324,2021.0900021893667,13.541152802124964,182
0.1,0.0,14025000,0.1,302.99204487351744,1503.533760568886,2323.937749396008,10,0.0,10,1232.229796981465,1503.533760568886,183,302.99204487351744,1503.533760568886,1503.533760568886,2323.937749396008,1232.229796981465,183
0.1,0.0,14100000,0.1,781.0793155539193,688.5999394527701,2368.727354363143,10,0.0,10,2.7082249738439534,688.5999394527707,184,781.0793155539193,688.5999394527707,688.5999394527701,2368.727354363143,2.7082249738439534,184
0.0,0.0,14175000,0.0,661.6437557728036,956.0266753998394,1956.7290988559257,10,0.0,10,41.620647252808844,956.0266753998388,185,661.6437557728036,956.0266753998388,956.0266753998394,1956.7290988559257,41.620647252808844,185
0.1,0.0,14250000,0.1,571.8362324440174,1098.9065706313845,1809.2105800999745,10,0.0,10,39.68650416057351,1098.9065706313845,186,571.8362324440174,1098.9065706313845,1098.9065706313845,1809.2105800999745,39.68650416057351,186
0.0,0.0,14325000,0.0,895.2000439687284,1095.8411034028074,2355.388795502502,10,0.0,10,23.86680977006714,1095.8411034028072,187,895.2000439687284,1095.8411034028072,1095.8411034028074,2355.388795502502,23.86680977006714,187
0.0,0.0,14400000,0.0,579.7334941788148,1629.123653765767,2332.7285459070495,10,0.0,10,320.3141369645106,1629.1236537657676,188,579.7334941788148,1629.1236537657676,1629.123653765767,2332.7285459070495,320.3141369645106,188
0.2,0.0,14475000,0.2,763.8370259862738,1301.7678560635366,2977.784924997636,10,0.0,10,337.36992961949335,1301.7678560635363,189,763.8370259862738,1301.7678560635363,1301.7678560635366,2977.784924997636,337.36992961949335,189
0.0,0.0,14550000,0.0,350.83134458249924,1654.4644386026107,2128.1935471324146,10,0.0,10,1357.0529498388105,1654.464438602611,190,350.83134458249924,1654.464438602611,1654.4644386026107,2128.1935471324146,1357.0529498388105,190
0.0,0.0,14625000,0.0,413.38773460242396,1457.2136189847477,2141.978418416969,10,0.0,10,422.3929656859149,1457.2136189847483,191,413.38773460242396,1457.2136189847483,1457.2136189847477,2141.978418416969,422.3929656859149,191
0.2,0.0,14700000,0.2,552.9512113368199,1858.0385856989062,2919.3551728022526,10,0.0,10,645.8608579678005,1858.0385856989062,192,552.9512113368199,1858.0385856989062,1858.0385856989062,2919.3551728022526,645.8608579678005,192
0.3,0.0,14775000,0.3,571.7901883644477,1488.0239661893036,2520.9577491362807,10,0.0,10,270.56534021953746,1488.0239661893038,193,571.7901883644477,1488.0239661893038,1488.0239661893036,2520.9577491362807,270.56534021953746,193
0.1,0.0,14850000,0.1,1149.6242290889838,1478.4477967947569,4070.3330980978462,10,0.0,10,1.7823336586967082,1478.4477967947566,194,1149.6242290889838,1478.4477967947566,1478.4477967947569,4070.3330980978462,1.7823336586967082,194
0.0,0.0,14925000,0.0,671.6216183725934,1255.42457285914,2048.687395026329,10,0.0,10,6.76146972254098,1255.4245728591397,195,671.6216183725934,1255.4245728591397,1255.42457285914,2048.687395026329,6.76146972254098,195
0.1,0.0,15000000,0.1,739.6723776004895,1617.9848410058137,3109.2462960377206,10,0.0,10,304.13224504146035,1617.984841005813,196,739.6723776004895,1617.984841005813,1617.9848410058137,3109.2462960377206,304.13224504146035,196
0.3,0.0,15075000,0.3,1480.2435066027942,2064.4605091302433,4377.08817354076,10,0.0,10,59.15283190657639,2064.4605091302437,197,1480.2435066027942,2064.4605091302437,2064.4605091302433,4377.08817354076,59.15283190657639,197
0.2,0.0,15150000,0.2,1135.176807092625,1866.0672552143074,3994.5272342639096,10,0.0,10,445.1347521877127,1866.0672552143064,198,1135.176807092625,1866.0672552143064,1866.0672552143074,3994.5272342639096,445.1347521877127,198
0.1,0.0,15225000,0.1,982.6674469005359,1515.6126066574093,4312.194854780031,10,0.0,10,539.5989400555414,1515.6126066574088,199,982.6674469005359,1515.6126066574088,1515.6126066574093,4312.194854780031,539.5989400555414,199
0.5,0.0,15300000,0.5,906.2639846647319,1710.6914154294773,2987.312693489111,10,0.0,10,452.97596479769516,1710.6914154294777,200,906.2639846647319,1710.6914154294777,1710.6914154294773,2987.312693489111,452.97596479769516,200
0.4,0.0,15375000,0.4,1217.1894870094425,1421.4112768507762,3967.6190529042387,10,0.0,10,17.999913908045134,1421.4112768507766,201,1217.1894870094425,1421.4112768507766,1421.4112768507762,3967.6190529042387,17.999913908045134,201
0.6,0.0,15450000,0.6,1931.9630815899689,1913.8182966089244,4396.720530057918,10,0.0,10,2.013723982795258,1913.8182966089244,202,1931.9630815899689,1913.8182966089244,1913.8182966089244,4396.720530057918,2.013723982795258,202
0.3,0.0,15525000,0.3,1068.1897403908488,1132.5984293496344,3060.0767526354534,10,0.0,10,2.105863922005261,1132.5984293496344,203,1068.1897403908488,1132.5984293496344,1132.5984293496344,3060.0767526354534,2.105863922005261,203
0.2,0.0,15600000,0.2,818.6659636506981,1102.0354594095304,2305.1817325195534,10,0.0,10,21.288877134226183,1102.0354594095309,204,818.6659636506981,1102.0354594095309,1102.0354594095304,2305.1817325195534,21.288877134226183,204
0.2,0.0,15675000,0.2,590.8594830733176,1442.8499332774722,2121.353117039439,10,0.0,10,30.617594333965283,1442.8499332774713,205,590.8594830733176,1442.8499332774713,1442.8499332774722,2121.353117039439,30.617594333965283,205
0.3,0.0,15750000,0.3,1189.6034920715776,1914.096595780075,3756.9024547064205,10,0.0,10,33.00448748065442,1914.096595780074,206,1189.6034920715776,1914.096595780074,1914.096595780075,3756.9024547064205,33.00448748065442,206
0.3,0.0,15825000,0.3,1386.1589353806096,1657.1181775297973,4402.567458811087,10,0.0,10,28.596337437976292,1657.1181775297973,207,1386.1589353806096,1657.1181775297973,1657.1181775297973,4402.567458811087,28.596337437976292,207
0.0,0.0,15900000,0.0,781.9813823432278,1537.5959611468606,2448.255716065566,10,0.0,10,300.82631652864575,1537.5959611468604,208,781.9813823432278,1537.5959611468604,1537.5959611468606,2448.255716065566,300.82631652864575,208
0.1,0.0,15975000,0.1,1016.7549867230586,1011.2508394086883,2494.5774769519917,10,0.0,10,16.388095196753515,1011.250839408689,209,1016.7549867230586,1011.250839408689,1011.2508394086883,2494.5774769519917,16.388095196753515,209
0.0,0.0,16050000,0.0,552.1532004609048,2207.089338100637,2625.219122020318,10,0.0,10,648.5542284837883,2207.0893381006367,210,552.1532004609048,2207.0893381006367,2207.089338100637,2625.219122020318,648.5542284837883,210
0.2,0.0,16125000,0.2,803.9764488346827,693.6556989620856,2295.8286857554267,10,0.0,10,22.2050197132831,693.655698962086,211,803.9764488346827,693.655698962086,693.6556989620856,2295.8286857554267,22.2050197132831,211
0.9,0.0,16200000,0.9,1600.498889363587,2560.3757011022294,4366.1555976162,10,0.0,10,432.2374595239316,2560.3757011022303,212,1600.498889363587,2560.3757011022303,2560.3757011022294,4366.1555976162,432.2374595239316,212
0.0,0.0,16275000,0.0,573.474670623703,682.6750130149774,1676.8871288001533,10,0.0,10,9.419685662193377,682.6750130149777,213,573.474670623703,682.6750130149777,682.6750130149774,1676.8871288001533,9.419685662193377,213
0.1,0.0,16350000,0.1,694.6221522397009,559.950491749102,2499.399657088137,10,0.0,10,2.357866217384966,559.9504917491022,214,694.6221522397009,559.9504917491022,559.950491749102,2499.399657088137,2.357866217384966,214
0.0,0.0,16425000,0.0,1004.1772843892877,1020.1151041448459,2584.2217821062122,10,0.0,10,3.295824520721837,1020.1151041448463,215,1004.1772843892877,1020.1151041448463,1020.1151041448459,2584.2217821062122,3.295824520721837,215
0.2,0.0,16500000,0.2,761.8539100305154,1214.1370561319584,2270.683837615765,10,0.0,10,46.17813239701359,1214.137056131958,216,761.8539100305154,1214.137056131958,1214.1370561319584,2270.683837615765,46.17813239701359,216
0.0,0.0,16575000,0.0,726.3116585470825,1343.4596231697926,2144.177490778769,10,0.0,10,229.13442037980636,1343.4596231697926,217,726.3116585470825,1343.4596231697926,1343.4596231697926,2144.177490778769,229.13442037980636,217
0.1,0.0,16650000,0.1,785.2659001530659,899.0527499962234,2118.998084069292,10,0.0,10,5.152261976907289,899.0527499962233,218,785.2659001530659,899.0527499962233,899.0527499962234,2118.998084069292,5.152261976907289,218
0.1,0.0,16725000,0.1,668.9858042493964,612.3967619745727,2285.600386180616,10,0.0,10,2.7663580864644666,612.3967619745728,219,668.9858042493964,612.3967619745728,612.3967619745727,2285.600386180616,2.7663580864644666,219
0.5,0.0,16800000,0.5,477.6693157976885,1375.914187008158,2010.8371013718568,10,0.0,10,309.1932207081218,1375.9141870081576,220,477.6693157976885,1375.9141870081576,1375.914187008158,2010.8371013718568,309.1932207081218,220
0.1,0.0,16875000,0.1,901.1199904333798,1140.7331259689695,2785.3652044346913,10,0.0,10,2.2721966094519876,1140.7331259689695,221,901.1199904333798,1140.7331259689695,1140.7331259689695,2785.3652044346913,2.2721966094519876,221
0.2,0.0,16950000,0.2,845.2231066542346,1104.7993909689992,2254.9737591573285,10,0.0,10,2.5619375246885316,1104.7993909689994,222,845.2231066542346,1104.7993909689994,1104.7993909689992,2254.9737591573285,2.5619375246885316,222
0.0,0.0,17025000,0.0,669.8950411643112,971.116270762657,2146.509462282137,10,0.0,10,44.0002660280576,971.116270762657,223,669.8950411643112,971.116270762657,971.116270762657,2146.509462282137,44.0002660280576,223
0.1,0.0,17100000,0.1,569.9081542664189,1644.696844930118,2524.9090296440468,10,0.0,10,522.837803498372,1644.6968449301185,224,569.9081542664189,1644.6968449301185,1644.696844930118,2524.9090296440468,522.837803498372,224
0.2,0.0,17175000,0.2,739.3427236590611,695.8155749794998,2562.0448311104115,10,0.0,10,1.9711027558452585,695.8155749795004,225,739.3427236590611,695.8155749795004,695.8155749794998,2562.0448311104115,1.9711027558452585,225
0.1,0.0,17250000,0.1,885.2768267705067,1618.0595337573386,2548.2880884855817,10,0.0,10,2.1821777367138644,1618.0595337573388,226,885.2768267705067,1618.0595337573388,1618.0595337573386,2548.2880884855817,2.1821777367138644,226
0.2,0.0,17325000,0.2,839.2696498291648,1356.2885492038622,2570.065390774059,10,0.0,10,1.8583503474071923,1356.2885492038622,227,839.2696498291648,1356.2885492038622,1356.2885492038622,2570.065390774059,1.8583503474071923,227
0.5,0.0,17400000,0.5,1403.719776835719,1405.0076204226768,4219.769717274896,10,0.0,10,2.075210754006865,1405.0076204226773,228,1403.719776835719,1405.0076204226773,1405.0076204226768,4219.769717274896,2.075210754006865,228
0.2,0.0,17475000,0.2,1084.3695391788742,1498.0912727149177,3203.9557789728187,10,0.0,10,1.4352891561727954,1498.091272714918,229,1084.3695391788742,1498.091272714918,1498.0912727149177,3203.9557789728187,1.4352891561727954,229
0.0,0.0,17550000,0.0,53.67006554516611,23.17294183814261,183.7284042406645,10,0.0,10,0.8531682417252611,23.172941838142627,230,53.67006554516611,23.172941838142627,23.17294183814261,183.7284042406645,0.8531682417252611,230
0.0,0.0,17625000,0.0,215.6791558579349,94.99943445505205,741.7481917822099,10,0.0,10,10.940229720880515,94.99943445505211,231,215.6791558579349,94.99943445505211,94.99943445505205,741.7481917822099,10.940229720880515,231
0.0,0.0,17700000,0.0,247.91433945425575,96.24083631731266,838.1325192530168,10,0.0,10,2.467495379494486,96.24083631731261,232,247.91433945425575,96.24083631731261,96.24083631731266,838.1325192530168,2.467495379494486,232
0.0,0.0,17775000,0.0,609.135682154462,510.01936794991514,1532.3738381897315,10,0.0,10,8.616455405550978,510.0193679499147,233,609.135682154462,510.0193679499147,510.01936794991514,1532.3738381897315,8.616455405550978,233
0.0,0.0,17850000,0.0,202.09600764307362,97.47908357944169,702.5073623337145,10,0.0,10,10.338621391937027,97.47908357944176,234,202.09600764307362,97.47908357944176,97.47908357944169,702.5073623337145,10.338621391937027,234
0.1,0.0,17925000,0.1,756.7967034490893,437.98689814577017,2084.842759958318,10,0.0,10,8.139258188775061,437.9868981457704,235,756.7967034490893,437.9868981457704,437.98689814577017,2084.842759958318,8.139258188775061,235
0.1,0.0,18000000,0.1,843.0123281704838,1014.5397679157686,2325.9784077240342,10,0.0,10,8.185000759680857,1014.5397679157684,236,843.0123281704838,1014.5397679157684,1014.5397679157686,2325.9784077240342,8.185000759680857,236
0.0,0.0,18075000,0.0,637.8590215467716,1752.7499235756823,2483.5704277626305,10,0.0,10,787.323509658504,1752.7499235756818,237,637.8590215467716,1752.7499235756818,1752.7499235756823,2483.5704277626305,787.323509658504,237
0.1,0.0,18150000,0.1,561.9364283443157,572.0292888603757,1807.012099263009,10,0.0,10,27.17554923879628,572.0292888603758,238,561.9364283443157,572.0292888603758,572.0292888603757,1807.012099263009,27.17554923879628,238
0.0,0.0,18225000,0.0,1110.3691057984272,844.0162248831354,2623.2824522266674,10,0.0,10,3.1494650156806068,844.0162248831348,239,1110.3691057984272,844.0162248831348,844.0162248831354,2623.2824522266674,3.1494650156806068,239
0.0,0.0,18300000,0.0,862.2834535462111,562.4890475457879,2384.779591932302,10,0.0,10,3.8473867690276506,562.4890475457885,240,862.2834535462111,562.4890475457885,562.4890475457879,2384.779591932302,3.8473867690276506,240
0.3,0.0,18375000,0.3,1288.2932854333294,1317.6632487591119,4401.665637464004,10,0.0,10,4.030649286158884,1317.6632487591112,241,1288.2932854333294,1317.6632487591112,1317.6632487591119,4401.665637464004,4.030649286158884,241
0.3,0.0,18450000,0.3,1341.0739776479863,1949.3257945160135,4333.257008079648,10,0.0,10,330.87005746540837,1949.325794516012,242,1341.0739776479863,1949.325794516012,1949.3257945160135,4333.257008079648,330.87005746540837,242
0.1,0.0,18525000,0.1,896.0259163096068,628.5697052935911,2472.4623064292405,10,0.0,10,3.9859701632624733,628.5697052935914,243,896.0259163096068,628.5697052935914,628.5697052935911,2472.4623064292405,3.9859701632624733,243
0.1,0.0,18600000,0.1,831.3525789624147,747.1641598123803,2524.784324223354,10,0.0,10,2.6748303082489433,747.1641598123808,244,831.3525789624147,747.1641598123808,747.1641598123803,2524.784324223354,2.6748303082489433,244
0.3,0.0,18675000,0.3,1109.4165337399957,1458.4951120465296,3186.7322956856024,10,0.0,10,2.2397918404774155,1458.4951120465298,245,1109.4165337399957,1458.4951120465298,1458.4951120465296,3186.7322956856024,2.2397918404774155,245
0.1,0.0,18750000,0.1,867.2876665616543,1050.355361342403,2255.053933583011,10,0.0,10,11.841819380891337,1050.355361342403,246,867.2876665616543,1050.355361342403,1050.355361342403,2255.053933583011,11.841819380891337,246
0.4,0.0,18825000,0.4,1122.6876462797775,1375.2797214162433,3166.172966078114,10,0.0,10,10.20310710925271,1375.2797214162426,247,1122.6876462797775,1375.2797214162426,1375.2797214162433,3166.172966078114,10.20310710925271,247
0.3,0.0,18900000,0.3,1222.0170215678847,1538.3905397646347,3955.7751175225476,10,0.0,10,290.53934766904166,1538.3905397646345,248,1222.0170215678847,1538.3905397646345,1538.3905397646347,3955.7751175225476,290.53934766904166,248
0.2,0.0,18975000,0.2,1133.1260151972567,1858.2726957162074,4359.614724079391,10,0.0,10,139.25964444372917,1858.2726957162067,249,1133.1260151972567,1858.2726957162067,1858.2726957162074,4359.614724079391,139.25964444372917,249
0.1,0.0,19050000,0.1,862.1924791447983,1257.3317604554004,2538.7194590580466,10,0.0,10,7.096612647532782,1257.3317604554002,250,862.1924791447983,1257.3317604554002,1257.3317604554004,2538.7194590580466,7.096612647532782,250
0.4,0.0,19125000,0.4,478.4333661704259,942.6779022703025,1594.7890911617153,10,0.0,10,45.23935196190563,942.6779022703025,251,478.4333661704259,942.6779022703025,942.6779022703025,1594.7890911617153,45.23935196190563,251
0.1,0.0,19200000,0.1,1014.1743256232246,1076.2121777231923,2904.847534162813,10,0.0,10,39.41963539827201,1076.2121777231923,252,1014.1743256232246,1076.2121777231923,1076.2121777231923,2904.847534162813,39.41963539827201,252
0.2,0.0,19275000,0.2,513.4654731929141,1203.2314004689447,1982.5456505795817,10,0.0,10,385.47128918429433,1203.2314004689442,253,513.4654731929141,1203.2314004689442,1203.2314004689447,1982.5456505795817,385.47128918429433,253
0.2,0.0,19350000,0.2,930.1750396015645,1014.1016449792558,3064.8769621283272,10,0.0,10,8.557133600126013,1014.1016449792563,254,930.1750396015645,1014.1016449792563,1014.1016449792558,3064.8769621283272,8.557133600126013,254
0.0,0.0,19425000,0.0,921.2367807851716,944.5280757189532,2546.962316385559,10,0.0,10,7.4845909790671366,944.5280757189528,255,921.2367807851716,944.5280757189528,944.5280757189532,2546.962316385559,7.4845909790671366,255
0.3,0.0,19500000,0.3,1023.2958366665351,892.7253486091997,2682.4797633516564,10,0.0,10,5.105573785774408,892.7253486092001,256,1023.2958366665351,892.7253486092001,892.7253486091997,2682.4797633516564,5.105573785774408,256
0.2,0.0,19575000,0.2,1083.7718611479136,1377.9584376850137,2896.4836826888454,10,0.0,10,7.246384325545137,1377.9584376850132,257,1083.7718611479136,1377.9584376850132,1377.9584376850137,2896.4836826888454,7.246384325545137,257
0.0,0.0,19650000,0.0,487.0609667029411,461.8742325563779,1219.2513704421747,10,0.0,10,32.567291839286064,461.8742325563777,258,487.0609667029411,461.8742325563777,461.8742325563779,1219.2513704421747,32.567291839286064,258
0.1,0.0,19725000,0.1,588.3862207217925,535.9519505944074,1765.5990641355513,10,0.0,10,8.260179544706975,535.9519505944071,259,588.3862207217925,535.9519505944071,535.9519505944074,1765.5990641355513,8.260179544706975,259
0.0,0.0,19800000,0.0,963.732366311146,1316.7161896402736,2653.405855562059,10,0.0,10,27.442885256871598,1316.7161896402736,260,963.732366311146,1316.7161896402736,1316.7161896402736,2653.405855562059,27.442885256871598,260
0.2,0.0,19875000,0.2,824.0446205288569,1605.1292744860018,2651.317828737201,10,0.0,10,26.442928844898717,1605.129274486002,261,824.0446205288569,1605.129274486002,1605.1292744860018,2651.317828737201,26.442928844898717,261
0.0,0.0,19950000,0.0,455.19486258337264,391.54129639658106,1265.280864935003,10,0.0,10,10.612954913028533,391.5412963965813,262,455.19486258337264,391.5412963965813,391.54129639658106,1265.280864935003,10.612954913028533,262
0.3,0.0,20025000,0.3,1089.924161254048,1781.6758606275973,4387.159552051201,10,0.0,10,665.0999130772474,1781.6758606275976,263,1089.924161254048,1781.6758606275976,1781.6758606275973,4387.159552051201,665.0999130772474,263
0.0,0.0,20100000,0.0,645.5034167882479,990.1452574694482,2105.735988329913,10,0.0,10,27.57176977009278,990.145257469448,264,645.5034167882479,990.145257469448,990.1452574694482,2105.735988329913,27.57176977009278,264
0.1,0.0,20175000,0.1,1093.6634110780053,645.454010906629,3423.692421635743,10,0.0,10,10.669626142952692,645.454010906629,265,1093.6634110780053,645.454010906629,645.454010906629,3423.692421635743,10.669626142952692,265
0.7,0.0,20250000,0.7,840.1653198945244,1815.4214686060088,3114.775946583184,10,0.0,10,44.34457394054906,1815.4214686060081,266,840.1653198945244,1815.4214686060081,1815.4214686060088,3114.775946583184,44.34457394054906,266
0.7,0.0,20325000,0.7,1117.6999139250088,1385.930461187144,4217.63269674437,10,0.0,10,299.534030262896,1385.930461187144,267,1117.6999139250088,1385.930461187144,1385.930461187144,4217.63269674437,299.534030262896,267
0.5,0.0,20400000,0.5,1338.4955305430703,1209.1743192586507,4014.6863791231754,10,0.0,10,22.285879138873504,1209.1743192586514,268,1338.4955305430703,1209.1743192586514,1209.1743192586507,4014.6863791231754,22.285879138873504,268
0.4,0.0,20475000,0.4,1115.3774128667885,2036.6386242943477,4077.768505167934,10,0.0,10,878.0126732752125,2036.6386242943474,269,1115.3774128667885,2036.6386242943474,2036.6386242943477,4077.768505167934,878.0126732752125,269
0.3,0.0,20550000,0.3,932.9298926679669,1425.7592675995686,2729.547141330485,10,0.0,10,328.94026252542847,1425.759267599569,270,932.9298926679669,1425.759267599569,1425.7592675995686,2729.547141330485,328.94026252542847,270
0.3,0.0,20625000,0.3,1000.7106244316199,1827.2622686387044,3651.7567524936694,10,0.0,10,143.80252071085658,1827.262268638704,271,1000.7106244316199,1827.262268638704,1827.2622686387044,3651.7567524936694,143.80252071085658,271
0.3,0.0,20700000,0.3,1386.9106922453657,1447.6016071243328,4305.590378478573,10,0.0,10,26.31109637958596,1447.6016071243318,272,1386.9106922453657,1447.6016071243318,1447.6016071243328,4305.590378478573,26.31109637958596,272
0.4,0.0,20775000,0.4,922.7113096938318,1220.7370078524782,3293.636326372295,10,0.0,10,20.143785070196838,1220.7370078524782,273,922.7113096938318,1220.7370078524782,1220.7370078524782,3293.636326372295,20.143785070196838,273
0.0,0.0,20850000,0.0,807.4827850267324,326.0552751874123,2732.7413411347306,10,0.0,10,2.9271905978043855,326.055275187412,274,807.4827850267324,326.055275187412,326.0552751874123,2732.7413411347306,2.9271905978043855,274
0.3,0.0,20925000,0.3,1239.9834834634305,1275.368039329667,4126.720072323606,10,0.0,10,39.243378962785414,1275.3680393296675,275,1239.9834834634305,1275.3680393296675,1275.368039329667,4126.720072323606,39.243378962785414,275
0.6,0.0,21000000,0.6,1392.7610411022097,1888.93462389868,4371.989117763554,10,0.0,10,34.99234065562661,1888.9346238986795,276,1392.7610411022097,1888.9346238986795,1888.93462389868,4371.989117763554,34.99234065562661,276
0.5,0.0,21075000,0.5,1173.5384239033824,1719.336589997356,4319.089660982338,10,0.0,10,364.81755848833944,1719.3365899973555,277,1173.5384239033824,1719.3365899973555,1719.336589997356,4319.089660982338,364.81755848833944,277
0.2,0.0,21150000,0.2,1169.5317369892175,1455.2045058649314,3908.7970575965146,10,0.0,10,35.69891524447562,1455.2045058649314,278,1169.5317369892175,1455.2045058649314,1455.2045058649314,3908.7970575965146,35.69891524447562,278
0.4,0.0,21225000,0.4,706.1790511432166,1045.0338931917877,2459.5234556456912,10,0.0,10,33.83386498070869,1045.033893191788,279,706.1790511432166,1045.033893191788,1045.0338931917877,2459.5234556456912,33.83386498070869,279
0.4,0.0,21300000,0.4,1144.2233869974539,1791.790738801404,4378.780162242695,10,0.0,10,280.0272120147839,1791.7907388014046,280,1144.2233869974539,1791.7907388014046,1791.790738801404,4378.780162242695,280.0272120147839,280
0.2,0.0,21375000,0.2,1123.3379359411522,841.7394915923624,3059.580306407213,10,0.0,10,26.582872537429598,841.7394915923629,281,1123.3379359411522,841.7394915923629,841.7394915923624,3059.580306407213,26.582872537429598,281
0.2,0.0,21450000,0.2,343.92998869097266,612.4529233050761,1305.7569718732761,10,0.0,10,25.326443880918383,612.452923305076,282,343.92998869097266,612.452923305076,612.4529233050761,1305.7569718732761,25.326443880918383,282
0.2,0.0,21525000,0.2,597.9295503609812,886.8189836420518,2089.298376936909,10,0.0,10,34.255128053666795,886.8189836420515,283,597.9295503609812,886.8189836420515,886.8189836420518,2089.298376936909,34.255128053666795,283
0.3,0.0,21600000,0.3,1320.5663581463184,2099.841946814271,4214.579954307745,10,0.0,10,36.90714570405462,2099.84194681427,284,1320.5663581463184,2099.84194681427,2099.841946814271,4214.579954307745,36.90714570405462,284
0.3,0.0,21675000,0.3,1167.848069358242,1689.2154201802355,4252.610945513288,10,0.0,10,351.0984684842706,1689.215420180235,285,1167.848069358242,1689.215420180235,1689.2154201802355,4252.610945513288,351.0984684842706,285
0.3,0.0,21750000,0.3,1000.6653649858449,1518.9816103755015,3378.173302207341,10,0.0,10,39.54553721454695,1518.9816103755024,286,1000.6653649858449,1518.9816103755024,1518.9816103755015,3378.173302207341,39.54553721454695,286
0.2,0.0,21825000,0.2,1076.7221713276604,1593.3892473553865,3033.3433327153316,10,0.0,10,290.4617257851655,1593.3892473553863,287,1076.7221713276604,1593.3892473553863,1593.3892473553865,3033.3433327153316,290.4617257851655,287
0.2,0.0,21900000,0.2,1423.615489346989,1454.5285194104365,4319.480403801113,10,0.0,10,13.919068690589137,1454.528519410437,288,1423.615489346989,1454.528519410437,1454.5285194104365,4319.480403801113,13.919068690589137,288
0.3,0.0,21975000,0.3,1348.5225086905386,1385.5000923193832,4335.992725617094,10,0.0,10,1.6333980914547064,1385.5000923193836,289,1348.5225086905386,1385.5000923193836,1385.5000923193832,4335.992725617094,1.6333980914547064,289
0.1,0.0,22050000,0.1,280.8103355859699,294.1170305885404,913.9987716755204,10,0.0,10,5.663801493979777,294.11703058854016,290,280.8103355859699,294.11703058854016,294.1170305885404,913.9987716755204,5.663801493979777,290
