MetaTest/Average/MaxReturn,MetaTest/lever-pull-v2/SuccessRate,MetaTest/shelf-place-v2/MinReturn,MetaTest/door-close-v2/StdReturn,MetaTest/sweep-into-v2/Iteration,MetaTest/shelf-place-v2/NumEpisodes,MetaTest/door-close-v2/Iteration,MetaTest/lever-pull-v2/AverageDiscountedReturn,MetaTest/drawer-open-v2/Iteration,MetaTest/shelf-place-v2/MaxReturn,MetaTest/drawer-open-v2/NumEpisodes,MetaTest/sweep-into-v2/NumEpisodes,MetaTest/door-close-v2/MaxReturn,MetaTest/Average/Iteration,MetaTest/door-close-v2/TerminationRate,MetaTest/drawer-open-v2/MinReturn,MetaTest/lever-pull-v2/AverageReturn,MetaTest/door-close-v2/NumEpisodes,MetaTest/lever-pull-v2/Iteration,MetaTest/Average/NumEpisodes,MetaTest/Average/AverageReturn,MetaTest/sweep-into-v2/TerminationRate,MetaTest/Average/AverageDiscountedReturn,TotalEnvSteps,MetaTest/drawer-open-v2/SuccessRate,MetaTest/shelf-place-v2/TerminationRate,MetaTest/shelf-place-v2/AverageReturn,MetaTest/sweep-into-v2/MinReturn,MetaTest/drawer-open-v2/MaxReturn,MetaTest/sweep-into-v2/SuccessRate,MetaTest/drawer-open-v2/StdReturn,MetaTest/Average/MinReturn,MetaTest/sweep-into-v2/AverageReturn,MetaTest/lever-pull-v2/MaxReturn,MetaTest/lever-pull-v2/MinReturn,MetaTest/lever-pull-v2/StdReturn,MetaTest/shelf-place-v2/SuccessRate,MetaTest/shelf-place-v2/AverageDiscountedReturn,MetaTest/shelf-place-v2/StdReturn,MetaTest/door-close-v2/SuccessRate,MetaTest/Average/TerminationRate,MetaTest/shelf-place-v2/Iteration,MetaTest/sweep-into-v2/MaxReturn,MetaTest/Average/SuccessRate,TrainSteps,MetaTest/door-close-v2/AverageDiscountedReturn,MetaTest/sweep-into-v2/AverageDiscountedReturn,MetaTest/lever-pull-v2/NumEpisodes,MetaTest/drawer-open-v2/AverageReturn,MetaTest/drawer-open-v2/TerminationRate,MetaTest/sweep-into-v2/StdReturn,MetaTest/lever-pull-v2/TerminationRate,MetaTest/Average/StdReturn,MetaTest/drawer-open-v2/AverageDiscountedReturn,MetaTest/door-close-v2/AverageReturn,MetaTest/door-close-v2/MinReturn
3379.448180826735,0.0,0.0,51.91970111381856,500,500,500,55.5228397288055,500,0.0,501,500,268.2943578283879,500,0.0,363.26895783425556,198.76757727913252,500,500,2501,178.35786989640295,0.0,37.98953696580518,2560000,0.0,0.0,0.0,19.49241669824804,425.5066273520789,0.02,17.011688256205193,0.0,131.32349021987622,736.9938316698681,35.216261261251084,120.07780207665076,0.0,0.0,0.0,0.0,0.0,500,3379.448180826735,0.003998400639744102,500,22.641997400794565,24.435553272778392,500,385.44782777153085,0.0,465.3879227829638,0.0,249.51329244476125,87.2487759486817,175.83627429572485,38.83251562442338
4169.338288825336,0.0,0.0,22.027394112688086,1000,500,1000,52.11721763264097,1000,0.0,500,500,195.00005790586917,1000,0.0,371.2730235440003,185.06368415422054,500,1000,2500,158.0058682566171,0.0,37.33018740560882,5120000,0.0,0.0,0.0,8.170935879358883,1112.4267104254589,0.02,113.73122407190213,0.0,133.99385863614503,336.53307932866755,42.84664350630237,92.21442542850234,0.0,0.0,0.0,0.0,0.0,1000,4169.338288825336,0.004,1000,7.067906967395685,25.86457072838278,500,427.9099365975221,0.0,578.2690511474304,0.0,306.1546930257391,101.60124169962464,43.06186189519785,32.64697464079832
3621.034588062592,0.0,0.0,3.846293114760665,1500,500,1500,51.59031817548994,1500,0.0,500,500,47.00147373098358,1500,0.0,388.0840458803344,174.31036802845483,500,1500,2500,204.8581483474283,0.0,48.862380351251446,7680000,0.0,0.0,0.0,24.061866044130667,2065.947500085594,0.038,352.5907120743954,0.0,182.851282539045,320.3299582569569,36.0433994051044,87.47336578887192,0.0,0.0,0.0,0.0,0.0,1500,3621.034588062592,0.0076,1500,6.683470988608064,27.88448038806559,500,627.5636564719929,0.0,681.7095766035288,0.0,411.3637073251032,158.1536322040936,39.56543469764885,32.27321086470552
3820.018505248334,0.0,0.0,3.8665597548671955,2000,500,2000,50.76900587217904,2000,0.0,500,500,47.29595273633128,2000,0.0,394.22637367368895,183.85838505021326,500,2000,2500,240.8263275455688,0.0,53.11528728249569,10240000,0.0,0.0,0.0,18.82225668412799,2083.443188497303,0.136,314.6050891197842,0.0,354.850698905074,332.60914324218686,35.26327078764407,89.56154732010539,0.0,0.0,0.0,0.0,0.0,2000,3820.018505248334,0.0272,2000,6.768237171465504,38.69520682592821,500,625.7242639055803,0.0,924.6469319732275,0.0,494.93992861358157,169.34398654290567,39.698289866976445,32.49160625891076
3780.4155879781283,0.0,0.0,46.08656676503808,2500,500,2500,53.76962827089601,2500,0.0,500,500,189.67011559960915,2500,0.0,401.7158381190374,173.05860756544118,500,2500,2500,290.70180023507584,0.0,59.418615290035845,12800000,0.0,0.0,0.0,31.39204238154036,2020.3254914274137,0.122,416.1411994547454,0.0,434.5145977837094,331.0502564120968,38.607349922026856,87.42599749443627,0.0,0.0,0.0,0.0,0.0,2500,3780.4155879781283,0.0244,2500,9.112561705424632,44.92762489619469,500,753.1231156990835,0.0,1087.7257934631255,0.0,589.5950019047723,189.28326157766395,92.81268012714496,32.737181807861425
3687.807369949568,0.0,0.0,38.33107200861141,3000,500,3000,53.44835403405738,3000,0.0,500,500,152.9872898847951,3000,0.0,399.31297858090477,168.359220364905,500,3000,2500,243.2903717204071,0.0,53.28674894733309,15360000,0.0,0.0,0.0,17.819868727637143,1835.457684816862,0.1,315.41490637746847,0.0,335.4766949748989,323.4471280550687,34.99567984869292,86.69909231400251,0.0,0.0,0.0,0.0,0.0,3000,3687.807369949568,0.02,3000,7.7232950107505705,32.16989226027706,500,642.591559746467,0.0,853.5844429002941,0.0,469.00846688603923,173.0922034315805,70.02438351576437,32.52552652801401
3781.939862161472,0.0,0.0,3.853235555015179,3500,500,3500,51.8146214237527,3500,0.0,500,500,47.23376918297858,3500,0.0,424.2813458307023,169.30953070885855,500,3500,2500,241.8924581650177,0.0,58.384607234137135,17920000,0.0,0.0,0.0,21.751077399671388,2283.130246749755,0.082,458.80520725497774,0.0,208.89891152628005,323.0902801374933,32.4604955023709,87.84107904404,0.0,0.0,0.0,0.0,0.0,3500,3781.939862161472,0.0164,3500,6.786741056775097,32.68385193614832,500,791.5250708965367,0.0,631.1895134586049,0.0,452.6518092687097,200.6378217540096,39.728777693413356,32.577029778915126
2741.8213681376383,0.0,0.0,31.54340051625639,4000,500,4000,57.24357990973499,4000,0.0,500,500,156.16035965406112,4000,0.0,418.05427920041205,164.8304769544672,501,4000,2501,277.49450297868697,0.0,60.50960566005078,20480000,0.0,0.0,0.0,11.151241521486094,2329.481350656548,0.1,452.02815536168674,0.0,260.881339177632,317.8608870367812,38.53969166106384,83.59542262077214,0.0,0.0,0.0,0.0,0.0,4000,2741.8213681376383,0.019992003198720514,4000,7.074139067777005,24.523309949441586,500,906.5320174849031,0.0,580.3363550702834,0.0,465.53958309719474,213.81387030648486,55.67232563112767,32.36338023695237
3437.2658700018223,0.0,0.0,27.496125852631746,4500,500,4500,52.881635336540754,4500,0.0,500,500,172.92891343394956,4500,0.0,427.90238449570097,180.26010267055946,500,4500,2500,249.21785324187167,0.0,57.778214382613335,23040000,0.0,0.0,0.0,19.377586114104055,2247.2053431932277,0.1,520.577512457944,0.0,169.5219570291362,333.6011972152509,37.6777203213114,91.05364562392337,0.0,0.0,0.0,0.0,0.0,4500,3437.2658700018223,0.02,4500,7.296864556045463,26.916245155150026,500,849.4493814304291,0.0,380.9932385576337,0.0,424.18090755310845,201.79632686533046,46.85782507923377,32.84955832104621
3716.4823901268373,0.0,0.0,25.874423637345725,5000,500,5000,58.01242175683623,5000,0.0,500,500,159.65365188115538,5000,0.0,409.0193396790417,152.49767373772937,500,5000,2500,245.0004585639652,0.0,60.074951346010316,25600000,0.0,0.0,0.0,27.990938271831226,2201.322065794923,0.18,394.5104703741286,0.0,259.7590572030617,287.4271511502659,36.147680999535304,74.18264292212541,0.0,0.0,0.0,0.0,0.0,5000,3716.4823901268373,0.036,5000,7.252036558551615,39.4140567074807,500,764.6243632635196,0.0,631.0034775540696,0.0,433.0234870520616,195.696241707183,48.12119861551513,32.72179711879349
3350.2417146987555,0.0,0.0,24.749126524907343,5500,500,5500,54.66445974184267,5500,0.0,500,500,225.74079838055013,5500,0.0,405.50759376302057,156.10886302898177,500,5500,2500,229.01636234423052,0.0,53.496227580207886,28160000,0.0,0.0,0.0,13.642625863889085,2298.4117311039004,0.02,441.1266146798257,0.0,116.84130688649398,307.2418446306906,34.679856822256006,80.82382981064363,0.0,0.0,0.0,0.0,0.0,5500,3350.2417146987555,0.004,5500,15.266247191236124,18.896184320246206,500,705.6120645460679,0.0,463.65378998379833,0.0,378.9746931187196,178.65424664771444,166.51957725960875,123.83675799503024
2557.666625472146,0.0,0.0,55.6472304184623,6000,500,6000,49.65756018945121,6000,0.0,500,500,236.71178975288709,6000,0.0,415.1410668508086,113.79914633810402,500,6000,2500,215.27133568608542,0.0,51.29470292876663,30720000,0.0,0.0,0.0,15.297065383466089,2219.381060599705,0.04,391.9983893878907,0.0,129.44392753414164,248.9734261650317,27.789903974793056,59.18090179300951,0.0,0.0,0.0,0.0,0.0,6000,2557.666625472146,0.008,6000,16.016617078730874,20.190965801136663,500,676.7343218413754,0.0,381.60302289573673,0.0,342.43354287209127,170.60837157451436,156.3792827168059,32.85768270525873
1148.322546718093,0.0,0.0,27.874472230863084,6500,500,6500,42.95877490893478,6500,0.0,500,500,237.8068096751416,6500,0.0,418.080161246875,94.2676678182878,500,6500,2500,186.58777370686576,0.0,47.471921631864454,33280000,0.0,0.0,0.0,13.502448078725548,1148.322546718093,0.018,186.82125616844104,0.0,62.57480202793559,192.69392939591953,22.532318702205153,42.75902517470817,0.0,0.0,0.0,0.0,0.0,6500,215.42243825691767,0.0036,6500,17.682684643959437,15.021660171942463,500,599.2291414035734,0.0,41.97118917006726,0.0,231.66945680415995,161.69648843448556,176.8672572845318,120.1268903045636
1494.3677225914867,0.0,0.0,3.8527234653607114,7000,500,7000,56.22987244235438,7000,0.0,500,500,47.390707924688485,7000,0.0,427.2811166224663,168.3344003671103,500,7000,2500,173.3276369174043,0.0,47.287117063317645,35840000,0.0,0.0,0.0,6.249980613598583,1494.3677225914867,0.0,239.40315150701366,0.0,50.12616420096613,328.7245505724732,43.52209804939109,85.01794275647482,0.0,0.0,0.0,0.0,0.0,7000,210.4544043074707,0.0,7000,6.8538571378536846,13.3562182384378,500,608.3488898787894,0.0,38.127714154561176,0.0,252.3180291836941,159.99563749794234,39.828730140155734,32.637854941631
1753.878915888477,0.0,0.0,3.8410875360487773,7500,500,7500,57.351250819798196,7500,0.0,500,500,46.99440627392987,7500,0.0,426.28361043401173,160.79010345822252,500,7500,2500,181.11091128018546,0.0,47.74431216044579,38400000,0.0,0.0,0.0,10.576783832645974,1753.878915888477,0.0,290.2012777149059,0.0,51.97717173601373,320.4022325326417,40.14254494577977,80.76228694030242,0.0,0.0,0.0,0.0,0.0,7500,144.68668217343287,0.0,7500,6.637961014140746,10.731102803457217,500,653.2816207534106,0.0,22.6072904287806,0.0,277.18297861280024,164.00124616483276,39.50566045328041,32.25577702733655
1270.216969516821,0.0,0.0,3.8527303855827064,8000,500,8000,53.476603927246394,8000,0.0,501,500,47.24267873341863,8000,0.0,420.65792871813875,119.17008391498327,500,8000,2502,164.0164889918636,0.0,45.08041500811052,40960000,0.0,0.0,0.0,17.887919117306854,1270.216969516821,0.0,227.49819584696607,0.0,48.14844209235691,210.22530849266886,31.21099337477366,53.089940696039896,0.0,0.0,0.0,0.0,0.0,8000,141.76339899757897,0.0,8000,6.729134690623985,14.02585161331805,501,612.3116069461787,0.0,30.547077411315854,0.0,250.8226814376233,150.9419693228963,39.64541458004428,32.49619735216947
1465.0323361296505,0.0,0.0,3.8403170044635146,8500,500,8500,56.368057095204406,8500,0.0,500,500,47.095934451091104,8500,0.0,417.8707338385162,164.2602780109697,500,8500,2500,165.08692999681298,0.0,41.23718885176075,43520000,0.0,0.0,0.0,36.60654402906491,1465.0323361296505,0.0,196.8990943160572,0.0,62.58214462848344,314.0323417734603,36.57433856481617,83.7169374682741,0.0,0.0,0.0,0.0,0.0,8500,191.378203647451,0.0,8500,6.704857253776211,14.584484507672995,500,558.9822440970391,0.0,30.915110228508706,0.0,226.0123282057858,128.52854540215014,39.60998324757274,32.398059633294615
2275.9583180975364,0.0,0.0,32.66815627743285,9000,500,9000,48.63596361169172,9000,0.0,500,500,206.18643656996554,9000,0.0,451.9730023484297,105.45535928726775,500,9000,2500,185.79702191677018,0.0,45.63892031417376,46080000,0.0,0.0,0.0,25.784336228195723,2275.9583180975364,0.0,330.9056851614658,0.0,47.06837846146939,177.018752314569,32.27352019093507,42.302651168080814,0.0,0.0,0.0,0.0,0.0,9000,62.093717040587414,0.0,9000,7.30553690524402,9.524175413216163,500,729.03689215656,0.0,9.450982532759847,0.0,312.0647644189267,162.72892564071688,47.42447967855366,32.62096887337719
680.3200371954779,0.0,0.0,3.84584103626306,9500,500,9500,46.883736852009434,9500,0.0,500,500,47.588410643085815,9500,0.0,400.75475645182945,101.76471919586318,500,9500,2500,131.41429436467214,0.0,36.32197991358673,48640000,0.0,0.0,0.0,10.75098028087213,680.3200371954779,0.0,64.84927094676428,0.0,40.37801870975775,177.41218337800785,27.832278273096144,41.27408083103651,0.0,0.0,0.0,0.0,0.0,9500,62.903155316209826,0.0,9500,6.944206479344904,9.637180564442314,500,474.9736605655917,0.0,12.85729346686256,0.0,178.28254146052066,118.144775672137,39.955073352148204,32.79055516427073
1005.8423757580103,0.0,0.0,3.8150931387175873,10000,500,10000,62.597107518334205,10000,0.0,500,500,46.4602613847711,10000,0.0,424.64570539228066,143.06321484518546,500,10000,2500,150.1030924466709,0.0,41.209582774764606,51200000,0.0,0.0,0.0,33.3837062868575,1005.8423757580103,0.0,111.01963027515318,0.0,49.22896410310104,268.17649888276617,41.23728674422438,56.50478330975973,0.0,0.0,0.0,0.0,0.0,10000,64.77611697208019,0.0,10000,6.364357461865039,9.42039000526668,500,519.1701188513803,0.0,8.209175993006527,0.0,198.4433112242042,127.6660588883571,39.0531644336876,32.041843332816406
664.0450144921325,0.0,0.0,10.374364682940236,10500,500,10500,61.411663386870295,10500,0.0,500,500,44.518225471850464,10500,0.0,379.3975763483015,138.72358771277214,500,10500,2500,128.69691485017114,0.0,36.07914789525117,53760000,0.0,0.0,0.0,19.566771518008718,664.0450144921325,0.0,56.353902458779885,0.0,42.04192384570726,245.90208659471529,42.16856452048752,49.569708120672104,0.0,0.0,0.0,0.0,0.0,10500,63.96260054549981,0.0,10500,4.777556694424477,9.11581929931337,500,434.6521195798425,0.0,11.234683752563367,0.0,163.56910459302483,105.0907000956477,28.066943112533707,14.674770673564261
657.0319965788019,0.0,0.0,9.824159885116318,11000,500,11000,46.58859900700863,11000,0.0,500,500,47.288921242732435,11000,0.0,387.9187571336234,106.66725061321374,500,11000,2500,124.75516133694018,0.0,32.85418595614502,56320000,0.0,0.0,0.0,16.78981565949741,657.0319965788019,0.0,48.263886608231076,0.0,51.208301551209075,180.55336612462423,34.28126493793451,40.66274781058939,0.0,0.0,0.0,0.0,0.0,11000,64.15628762265845,0.0,11000,5.503024721372491,9.780505784292766,500,433.03467622614113,0.0,8.36679868332475,0.0,160.57988504086936,102.39880026805119,32.86557829413699,15.08684100768969
633.3955741618091,0.0,0.0,3.8068919805867605,11500,500,11500,70.16315929326146,11500,0.0,501,500,47.161295156417225,11500,0.0,393.635376388795,170.79866231897736,500,11500,2501,140.65439522947938,0.0,37.87439087138293,58880000,0.0,0.0,0.0,34.097308307829955,633.3955741618091,0.0,48.08206226754991,0.0,48.93982481568366,312.55887522558874,64.82468514405484,55.53951285539043,0.0,0.0,0.0,0.0,0.0,11500,63.2582650528054,0.0,11500,6.855390800211426,9.356291442634639,500,443.1054316656357,0.0,8.11391117465739,0.0,165.1407586414288,102.86712734785417,39.823155274227815,32.7540566525456
598.0201945648639,0.0,0.0,9.358644680846846,12000,500,12000,65.79688493370155,12000,0.0,500,500,44.6525949855496,12000,0.0,394.5125854099981,160.40447414832067,500,12000,2500,135.19162080835628,0.0,36.510151188704356,61440000,0.0,0.0,0.0,33.760434353013956,598.0201945648639,0.0,42.9814350803863,0.0,55.54472660738294,340.7461879689967,46.945135781016,64.79070892472097,0.0,0.0,0.0,0.0,0.0,12000,66.26775211716117,0.0,12000,3.979391373509593,10.225634061200836,500,437.15115020827307,0.0,7.045298637859794,0.0,164.46094094867306,102.5488455751098,22.85775307780459,14.472236209031713
536.4518261987037,0.0,0.0,9.366728181531274,12500,501,12500,65.95769789004879,12500,0.0,500,500,44.57539627725037,12500,0.0,391.80045398586,168.21547802528482,500,12500,2501,135.70152091574835,0.0,35.93544306098011,64000000,0.0,0.0,0.0,20.912920835898632,536.4518261987037,0.0,32.66883965018054,0.0,54.35406286547217,321.84264149125823,47.79334273153111,75.39227464325877,0.0,0.0,0.0,0.0,0.0,12500,65.42182953951395,0.0,12500,5.103944128739461,10.217227590629998,500,423.58850053788854,0.0,8.852761154950215,0.0,159.05820873506113,98.47021658160426,32.62096619192774,14.839819895976921
534.0679485929583,0.0,0.0,5.08569430430336,13000,500,13000,60.0752018019079,13000,0.0,500,500,44.55771361658193,13000,0.0,394.50573408576804,132.86810527656328,500,13000,2500,129.45633358403842,0.0,35.38832786905365,66560000,0.0,0.0,0.0,18.258873021113576,534.0679485929583,0.0,32.70189079356962,0.0,49.12349341020911,228.5743429067414,40.60429161946479,49.3888003906236,0.0,0.0,0.0,0.0,0.0,13000,64.61417177581619,0.0,13000,5.5899543363248885,9.897431715995404,500,428.51335769107493,0.0,13.395727109031826,0.0,158.09018993465813,101.37905149104004,36.77671154234484,15.903486638257366
505.198219765632,0.0,0.0,9.722609951042841,13500,500,13500,61.45060501526475,13500,0.0,500,500,44.4638322715561,13500,0.0,395.63701761884215,136.74417816297992,500,13500,2500,126.66198282856831,0.0,34.625509153781735,69120000,0.0,0.0,0.0,11.056685030747143,505.198219765632,0.0,25.928623186933034,0.0,45.25173692523193,269.01632435044553,41.83741989402252,55.124907762844636,0.0,0.0,0.0,0.0,0.0,13500,66.57292207066669,0.0,13500,4.272096314824825,9.366199044415694,500,426.0846321146302,0.0,19.73655514867472,0.0,159.3173844098492,98.03864539440337,25.229366939999533,14.429934922834374
501.88021517383305,0.0,0.0,29.291940365711543,14000,500,14000,61.14728548415707,14000,0.0,500,500,160.45991780027958,14000,0.0,373.6021744490642,138.3156320503978,500,14000,2500,128.54275329666655,0.0,34.71288568243998,71680000,0.0,0.0,0.0,12.400914569889572,501.88021517383305,0.0,21.822094564376847,0.0,43.70113563370313,273.57534920631235,39.5317349222503,54.91939574132498,0.0,0.0,0.0,0.0,0.0,14000,62.71174705451261,0.0,14000,6.5927368403735835,9.399521506773628,500,416.8164603382892,0.0,16.398612075846927,0.0,154.08150151947,96.4248845808956,43.88053846094261,14.675678618868872
590.7397623602286,0.0,0.0,2.1753075896159264,14500,500,14500,65.84920180778334,14500,0.0,500,500,23.27226427272866,14500,0.0,400.3546567401038,167.4902223494447,500,14500,2500,135.91913737700224,0.0,37.183977041691726,74240000,0.0,0.0,0.0,8.798029533341087,590.7397623602286,0.0,42.84456657814653,0.0,45.11041840665541,319.1970002018241,49.1585089872648,73.46059436116052,0.0,0.0,0.0,0.0,0.0,14500,66.57187715795794,0.0,14500,3.432182173453228,9.398630721411967,500,449.1757863330955,0.0,17.91648838541205,0.0,171.66952337611446,107.23987050581005,17.81925979581566,14.366465716595952
566.8621800301723,0.0,0.0,7.032718925138053,15000,500,15000,65.06934383368933,15000,0.0,500,500,42.530629107191324,15000,0.0,405.8229139453461,158.84839219536565,500,15000,2501,133.8519483026549,0.0,37.26765003882137,76800000,0.0,0.0,0.0,18.04347340001396,566.8621800301723,0.0,40.12203620352755,0.0,47.71039033738842,319.13523629005493,46.0947917196488,64.5059649220911,0.0,0.0,0.0,0.0,0.0,15000,65.03565914458044,0.0,15000,3.5922607580387305,9.834995995411253,501,442.8948945733356,0.0,12.57403800552254,0.0,167.58204741802004,107.78604621937781,19.756071519399427,14.34692197826921
760.7985953029624,0.0,0.0,5.087559504999347,15500,500,15500,59.005806601935724,15500,0.0,500,500,43.04115178295699,15500,0.0,404.7299499414024,132.20020635364264,500,15500,2500,132.72776086990294,0.0,37.29772144662411,79360000,0.0,0.0,0.0,9.096359192295546,760.7985953029624,0.0,72.81004167254902,0.0,31.078654001075,248.7415794820195,40.1135514807252,52.60211428219153,0.0,0.0,0.0,0.0,0.0,15500,65.2433821284448,0.0,15500,5.409778413055303,7.873381908292896,500,464.0940042056221,0.0,18.92610194451276,0.0,176.35776880365643,114.19964030983662,36.26593978917484,16.57024795531555
665.5666386781883,0.0,0.0,2.1579522191793217,16000,500,16000,57.53601706300193,16000,0.0,500,500,22.849322786054707,16000,0.0,404.57655531576853,127.14801386849332,500,16000,2500,123.7204988324854,0.0,35.5194423569471,81920000,0.0,0.0,0.0,8.165637553023782,665.5666386781883,0.0,54.338749955722136,0.0,20.05656467944151,239.53331959740595,38.34493862802792,49.83574285382082,0.0,0.0,0.0,0.0,0.0,16000,62.58308436070193,0.0,16000,3.3055805498396684,6.054000974429643,500,453.7449372157623,0.0,14.105529417208201,0.0,174.2820091038618,110.70161319746423,17.652978398729836,14.28806168479593
751.6798152895985,0.0,0.0,3.7126785668543123,16500,500,16500,63.714259345184516,16500,0.0,501,500,45.98811687720506,16500,0.0,418.3434977141495,159.0187611607735,500,16500,2501,138.09634427106468,0.0,38.703688281012504,84480000,0.0,0.0,0.0,11.306790748269751,751.6798152895985,0.0,61.09421858202735,0.0,30.73315704146582,312.6013446138064,48.59155193180748,68.7477390862194,0.0,0.0,0.0,0.0,0.0,16500,53.219115413176304,0.0,16500,6.1661440983741596,7.866557898788127,500,461.3928237424749,0.0,11.498955129955835,0.0,175.61147597378263,115.6176521350077,38.69038645166644,31.54854774352077
943.3973051442013,0.0,0.0,3.8413086108399113,17000,500,17000,56.9753618677598,17000,0.0,500,500,47.24926012577558,17000,0.0,427.87383945217124,125.15315550651509,501,17000,2501,138.30658912892235,0.0,39.87263920454858,87040000,0.0,0.0,0.0,9.4413256207743,943.3973051442013,0.0,103.64220130626647,0.0,22.321988431511585,223.85714509734584,36.390879524815546,49.880215399863324,0.0,0.0,0.0,0.0,0.0,17000,60.71655390829841,0.0,17000,6.5827230313090865,6.68081697998786,500,504.86690769817636,0.0,15.214913044819271,0.0,195.10244649839487,129.1908739760326,39.38872972721209,32.48497531090837
902.3245591012371,0.0,0.0,53.25648504564362,17500,500,17500,53.43571140921916,17500,0.0,500,500,239.48761289096223,17500,0.0,411.92132657040685,114.72655510481718,500,17500,2500,132.1304090100034,0.0,37.67781704576348,89600000,0.0,0.0,0.0,7.679789888527441,902.3245591012371,0.0,90.90583672887529,0.0,15.72651870528493,200.1080674679738,27.58712933762256,49.78873172344727,0.0,0.0,0.0,0.0,0.0,17500,54.48295860161685,0.0,17500,8.776733825565552,5.694426030989029,500,471.81221628463175,0.0,9.066351521667382,0.0,182.09574535832212,120.48221396304368,58.38675495528327,19.484304607545873
2045.9440542145364,0.0,0.0,55.214946192456175,18000,500,18000,50.80488573888529,18000,0.0,500,500,251.47732308934658,18000,0.0,414.44866226988273,110.7169519581419,500,18000,2500,134.7632316945584,0.0,37.03845586354112,92160000,0.0,0.0,0.0,6.637651409241719,2045.9440542145364,0.0,225.46117145201765,0.0,11.302754919868084,211.51161774610404,25.796949745190386,47.861303794685966,0.0,0.0,0.0,0.0,0.0,18000,23.164285454546683,0.0,18000,8.50765801764066,4.550408558392814,500,494.4707113216206,0.0,3.1142397616223736,0.0,212.39101228367522,121.32932700278685,57.325740273161415,17.630195773636885
738.5578874676233,0.0,0.0,38.24491455814545,18500,500,18500,53.917960315214444,18500,0.0,501,500,226.09630241233518,18500,0.0,416.006021104877,114.94188844247275,500,18500,2501,130.19798085407587,0.0,37.20114877789924,94720000,0.0,0.0,0.0,9.710630628147188,738.5578874676233,0.0,67.16038036233181,0.0,26.22552008251949,223.26906796123703,36.12603581993218,47.02581635670765,0.0,0.0,0.0,0.0,0.0,18500,58.251882583150014,0.0,18500,7.651570230874547,7.531525486574104,500,460.3747551857907,0.0,14.237495490476045,0.0,174.46628533984287,116.74559895647597,48.787387010932974,32.42016095693653
543.2321090957679,0.0,0.0,10.84608917449559,19000,500,19000,54.931619756111054,19000,0.0,500,500,46.65236266814655,19000,0.0,405.4697939832709,120.15821216637006,500,19000,2500,121.14305853579658,0.0,34.05186205648532,97280000,0.0,0.0,0.0,10.563997097042668,543.2321090957679,0.0,32.35055213532496,0.0,20.91790890806282,198.06423011069737,38.60473211306722,44.763544032301176,0.0,0.0,0.0,0.0,0.0,19000,53.00431250590885,0.0,19000,5.326401266464498,7.1141688709805475,500,433.2198469128095,0.0,10.211041481866616,0.0,163.3622952499309,102.88712038887051,31.419324691740695,14.486106343884135
675.6547411095667,0.0,0.0,4.127272356985977,19500,500,19500,52.1200163530356,19500,0.0,500,500,46.778669798250256,19500,0.0,420.0850089981651,116.35001013167854,500,19500,2500,128.22308237712798,0.0,35.2560660257653,99840000,0.0,0.0,0.0,7.386722654828651,675.6547411095667,0.0,55.743909189160036,0.0,11.73395897363442,202.34591545991321,43.380567954956035,42.02453822549,0.0,0.0,0.0,0.0,0.0,19500,24.138743823991994,0.0,19500,6.310107806422915,4.994808008384476,500,474.1547591640012,0.0,2.987246152709058,0.0,180.3899951702945,112.85539796098348,38.876683616325735,26.322846619988013
608.6088332458016,0.0,0.0,5.705439576362792,20000,500,20000,40.28239116959083,20000,0.0,500,500,47.2056322228518,20000,0.0,415.78564703382057,86.3038416301421,500,20000,2500,119.05806371554841,0.0,31.834891514866847,102400000,0.0,0.0,0.0,8.941954633939034,608.6088332458016,0.0,44.31667120643077,0.0,14.214627135014263,178.25186655847108,40.302820251318636,26.63039571848235,0.0,0.0,0.0,0.0,0.0,20000,23.23213312210165,0.0,20000,6.502670205267959,5.7507521050776385,500,456.1647935631471,0.0,3.805483992369367,0.0,172.6692206370919,106.63864409439779,38.60705624943868,17.16407048419228
641.9835822909056,0.0,0.0,7.318474818042414,20500,500,20500,42.060674903634734,20500,0.0,501,500,45.850167455202815,20500,0.0,422.9264601752569,94.6166457547543,500,20500,2501,121.81314774572354,0.0,32.42564689507433,104960000,0.0,0.0,0.0,10.014149227981276,641.9835822909056,0.0,50.810231690101915,0.0,14.857381030119905,166.47461011277213,26.504133428820023,35.54521981689243,0.0,0.0,0.0,0.0,0.0,20500,22.375202034421644,0.0,20500,5.949437185402459,6.108581251155918,500,462.2418139993037,0.0,2.7088022883959058,0.0,175.63605276330165,107.85867507881109,36.6690406119326,15.905445264588378
766.7465843318971,0.0,0.0,3.8129234337607323,21000,500,21000,47.063183144143125,21000,0.0,500,501,47.40759780801431,21000,0.0,438.611049574197,104.11462521938071,500,21000,2501,131.24115995227396,0.0,34.69731912514712,107520000,0.0,0.0,0.0,9.358412553393853,766.7465843318971,0.0,76.05407850940706,0.0,16.613242349432348,199.15737267421386,33.110115318877796,35.169456762712045,0.0,0.0,0.0,0.0,0.0,21000,48.8373270207364,0.0,21000,6.8526958675890635,6.151905199507638,500,495.87676749145845,0.0,8.187209540948258,0.0,189.45817835153989,113.47590224234703,39.83042053630401,32.71900851753463
824.2843240219123,0.0,0.0,3.8685182104684595,21500,500,21500,39.02154630982093,21500,0.0,501,500,47.33733560896915,21500,0.0,445.01706684733864,86.04899041258771,500,21500,2501,131.7526963220087,0.0,34.29770024762329,110080000,0.0,0.0,0.0,7.081311125148934,824.2843240219123,0.0,73.0154360660488,0.0,19.41956409345205,174.55577089117128,26.194650040632517,34.65286715837885,0.0,0.0,0.0,0.0,0.0,21500,49.323571763618844,0.0,21500,6.8973870582954335,6.4139188246032806,500,512.6398765930693,0.0,12.287897103182818,0.0,196.21487022513602,118.98627190208788,39.89327615039228,32.6149803630563
893.5143180293629,0.0,0.0,4.455730826834624,22000,500,22000,44.068874622880955,22000,0.0,500,500,46.42176587652866,22000,0.0,457.948340033224,90.15318693039494,500,22000,2500,138.10736428965893,0.0,35.118678501972134,112640000,0.0,0.0,0.0,11.607913154938252,893.5143180293629,0.0,83.44080621550654,0.0,24.58184078056779,170.04410302770225,30.514340742514147,33.08681206267069,0.0,0.0,0.0,0.0,0.0,22000,42.82855493344433,0.0,22000,6.0210583268303095,7.618096480324817,500,537.7896603251805,0.0,7.12466671586134,0.0,205.98738038107038,117.88536307982459,38.012133412151464,20.774273016702807
624.525624702788,0.0,0.0,6.899170482036107,22500,500,22500,39.60930345760197,22500,0.0,500,500,47.04995904292809,22500,0.0,412.9068136607567,85.94446681538116,500,22500,2500,124.22634869167302,0.0,32.69350654076736,115200000,0.0,0.0,0.0,11.655148765695335,624.525624702788,0.0,50.20081679005744,0.0,21.117083967791878,185.72924926976273,26.128703048589124,36.58380211651507,0.0,0.0,0.0,0.0,0.0,22500,47.337752318245606,0.0,22500,6.3345769615752925,7.210599140476915,500,476.48150758856866,0.0,6.900146090173763,0.0,180.59495980711588,110.3130531441826,37.58868508662349,16.069436009599755
866.827694574109,0.0,0.0,5.086834972398619,23000,501,23000,39.839046301927404,23000,0.0,500,500,46.40088411587621,23000,0.0,436.62251673479125,89.16981982068513,500,23000,2501,134.3686427693851,0.0,34.64040549285345,117760000,0.0,0.0,0.0,11.50539162706322,866.827694574109,0.0,97.63412557350601,0.0,19.6330896917465,183.24119087748366,27.164765505237156,38.60007559376019,0.0,0.0,0.0,0.0,0.0,23000,36.61985877142215,0.0,23000,6.550987426393449,6.655075920058253,500,524.6576597268205,0.0,5.718110733250581,0.0,202.8714769836403,120.22619862687391,38.651381893212104,18.487034741800905
1005.5780119585619,0.0,0.0,4.588889109426206,23500,500,23500,41.23449014626857,23500,0.0,500,500,47.37710420679817,23500,0.0,449.9614782566821,93.46119831617864,500,23500,2500,137.37290532135108,0.0,35.39640052259079,120320000,0.0,0.0,0.0,9.28730809356239,1005.5780119585619,0.0,109.25396837295335,0.0,21.608329355300675,179.28954529318824,26.00228993485605,39.00582847214024,0.0,0.0,0.0,0.0,0.0,23500,49.93733593421794,0.0,23500,6.701409281799947,6.834882617522298,500,532.5562178788792,0.0,8.622104063688672,0.0,206.66612198815116,122.21122056736311,39.23878105639693,21.070333265700587
1219.7689172729688,0.0,0.0,4.022710116347374,24000,500,24000,44.51347586775606,24000,0.0,500,500,46.95333711812676,24000,0.0,493.5894394029266,98.83479200778808,501,24000,2501,155.3607077761681,0.0,38.64247808798565,122880000,0.0,0.0,0.0,11.880188373803454,1219.7689172729688,0.0,169.70765461353125,0.0,19.389386401932157,192.20852654823702,35.458179594051316,33.76229918703269,0.0,0.0,0.0,0.0,0.0,24000,32.88886162773518,0.0,24000,6.473547898676422,6.525878781236992,500,619.6033592073493,0.0,5.987951876336188,0.0,246.87271628730355,135.76382575263742,39.20830606718894,30.13729596375293
1244.2908582552434,0.0,0.0,9.578273469261907,24500,501,24500,43.85806584929028,24500,0.0,500,500,46.35582668316308,24500,0.0,456.05834891142365,94.32153691393768,500,24500,2501,145.7181522195164,0.0,37.63347652025345,125440000,0.0,0.0,0.0,13.866710407099639,1244.2908582552434,0.0,179.94239343556728,0.0,22.583765783896567,193.62238038609897,26.718407299009257,38.68253519865722,0.0,0.0,0.0,0.0,0.0,24500,44.70596698929013,0.0,24500,5.743209810369842,7.395461437782481,500,577.5467778039008,0.0,7.516569732366691,0.0,233.17634036479734,131.2459124568652,34.430116900286144,14.628200817065718
1574.884532588491,0.0,0.0,3.8326104275364044,25000,501,25000,33.26151970185786,25000,0.0,500,500,47.26994133716,25000,0.0,463.5713224718811,79.9277112200057,500,25000,2501,155.15790543156808,0.0,37.57238239824953,128000000,0.0,0.0,0.0,7.533249727618561,1574.884532588491,0.0,269.64490784325665,0.0,14.2200215703452,154.2116033314577,22.27140956404825,38.38350934525585,0.0,0.0,0.0,0.0,0.0,25000,27.883811565933172,0.0,25000,6.551510684583071,5.577110675754146,500,642.5791417161964,0.0,4.5932304004816205,0.0,273.75112180156043,142.5469156938491,39.37296846215638,32.246308048411606
1574.9729718314136,0.0,0.0,3.826184862643873,25500,500,25500,39.564206656862765,25500,0.0,500,500,46.89348227277523,25500,0.0,468.8665884328824,75.90065421022533,500,25500,2500,149.34963361326564,0.0,36.33516878787008,130560000,0.0,0.0,0.0,10.366045625126155,1574.9729718314136,0.0,211.32820724297915,0.0,16.531060160852352,135.8270214056221,28.992237061463072,24.694070944761688,0.0,0.0,0.0,0.0,0.0,25500,29.988918989218785,0.0,25500,6.478236895382717,6.137351347860516,500,615.0467555899818,0.0,5.193372009268144,0.0,252.84115955608434,129.49604903924435,39.269698105268674,32.24740127136966
1067.46825737604,0.0,0.0,6.544081157641196,26000,500,26000,40.36772064487101,26000,0.0,501,500,42.48697570332489,26000,0.0,455.98971267205786,104.60765127865778,500,26000,2501,143.84584758087644,0.0,36.34748670781817,133120000,0.0,0.0,0.0,10.360211731201884,1067.46825737604,0.0,164.93911694744446,0.0,17.304675657219786,202.08589085549858,32.37764982196237,43.05700892531548,0.0,0.0,0.0,0.0,0.0,26000,32.06142778321613,0.0,26000,3.782009043261132,6.053496915133374,500,575.6679233585841,0.0,5.360049958035389,0.0,232.08107443148634,131.34421348227642,20.78534345836517,14.60154990524533
1005.6759276452104,0.0,0.0,5.462469217609748,26500,500,26500,42.09176952032553,26500,0.0,500,500,46.79904110059654,26500,0.0,448.9819364520089,93.88709710707312,500,26500,2500,140.08664366838465,0.0,36.11024213294653,135680000,0.0,0.0,0.0,11.620355805192844,1005.6759276452104,0.0,141.66272943597502,0.0,20.723161313853094,174.57691349209327,32.858592541528196,36.750980354665394,0.0,0.0,0.0,0.0,0.0,26500,39.468578703096014,0.0,26500,6.132387020178945,6.76220423382073,500,547.883910821943,0.0,6.404581666792619,0.0,216.43884569795438,125.56484989040744,37.93904909905411,18.482948405283764
854.588866448677,0.0,0.0,4.682921190767721,27000,500,27000,44.885902526163754,27000,0.0,500,500,43.16896274742205,27000,0.0,451.96296819023155,102.31666360704807,500,27000,2500,130.25100098443596,0.0,34.847620077122166,138240000,0.0,0.0,0.0,11.060878539355937,854.588866448677,0.0,97.44241233610708,0.0,18.187007462162597,177.5499787013718,37.48554812588165,40.79319898112622,0.0,0.0,0.0,0.0,0.0,27000,34.80205170975236,0.0,27000,3.4118759066000615,6.717367316374521,500,512.2907162777211,0.0,5.409308487121729,0.0,199.98286034790604,119.22295463647251,18.460617575248058,14.332313326766844
1082.7299195157505,0.0,0.0,10.526648652255565,27500,500,27500,43.042366618742214,27500,0.0,500,500,45.69055031288895,27500,0.0,450.96283785306696,99.45436842148402,500,27500,2500,133.57288601503143,0.0,34.670776805348,140800000,0.0,0.0,0.0,10.730142732470977,1082.7299195157505,0.0,124.32620967543181,0.0,18.13827354186545,202.587393157887,38.86850389055947,40.578426212655835,0.0,0.0,0.0,0.0,0.0,27500,35.118057886388485,0.0,27500,4.633061961873707,6.497527798282904,500,522.6989747422659,0.0,5.967126975770174,0.0,206.02723083580423,119.18092764784116,27.572813369541826,14.474846051246137
682.6979434526213,0.0,0.0,9.867298121551679,28000,500,28000,53.48053533057775,28000,0.0,500,500,45.955310011903066,28000,0.0,396.3872296255511,115.13253833159537,500,28000,2500,121.3220454538861,0.0,33.56366434632513,143360000,0.0,0.0,0.0,10.20325308266906,682.6979434526213,0.0,58.928824404733575,0.0,17.54998861498786,188.21663855278757,41.34524598372239,40.00355130515936,0.0,0.0,0.0,0.0,0.0,28000,37.68303032747888,0.0,28000,4.466270907729831,6.25148042103119,500,447.08032909641605,0.0,5.679929478285737,0.0,170.7468462713524,103.62003507228688,26.84737122643119,14.321566100904349
614.9612872429705,0.0,0.0,8.946828822105301,28500,501,28500,50.16268545867719,28500,0.0,500,500,41.0170799767049,28500,0.0,399.3964728505548,111.13773620572184,500,28500,2501,119.71135313747298,0.0,32.694069855676,145920000,0.0,0.0,0.0,11.236540065378358,614.9612872429705,0.0,47.66339395652147,0.0,18.09353206702894,206.3078629275893,37.51339028717862,40.29900651210853,0.0,0.0,0.0,0.0,0.0,28500,29.893021283269988,0.0,28500,4.102428166691412,6.552334094595779,500,446.12729334425694,0.0,5.2186223962632345,0.0,170.01202028206492,102.71828969812692,23.4376267766323,14.361120617112174
806.2780628192307,0.0,0.0,9.009468841671007,29000,500,29000,51.0810831370468,29000,0.0,500,500,45.87809532094061,29000,0.0,439.50925446567334,113.7636554215666,500,29000,2500,131.70652882330657,0.0,35.324264922911574,148480000,0.0,0.0,0.0,10.15327061335622,806.2780628192307,0.0,89.60951628502613,0.0,15.804559207458755,185.52911748522814,34.89374131056158,43.070677812995555,0.0,0.0,0.0,0.0,0.0,29000,26.489221726136734,0.0,29000,3.9940890756954337,6.073384296734494,500,506.0280839807333,0.0,4.366447201195654,0.0,196.48643084024494,115.47276810508117,22.93634550677436,14.29206144986486
800.0375283810286,0.0,0.0,9.876358386755863,29500,500,29500,54.74905234395393,29500,0.0,500,500,44.89112889634943,29500,0.0,437.62143897000925,131.09212830095703,500,29500,2500,134.16016869707764,0.0,35.542258529297534,151040000,0.0,0.0,0.0,11.50088641447826,800.0375283810286,0.0,79.98375805671209,0.0,20.893735157731935,233.27755811651755,49.58158758830513,53.52826699685115,0.0,0.0,0.0,0.0,0.0,29500,39.716840385568794,0.0,29500,5.321209362981895,7.017583037529393,500,485.9134051409384,0.0,6.432670861224939,0.0,186.66702413803716,110.62344790202248,32.901574885760795,14.967591841853444
550.2645319064912,0.0,0.0,2.1652473404744343,30000,500,30000,56.096320753348124,30000,0.0,500,500,22.788846739635364,30000,0.0,414.11525572174855,128.23982278176462,500,30000,2500,120.6980832046584,0.0,33.703731809037386,153600000,0.0,0.0,0.0,11.985843556262564,550.2645319064912,0.0,33.35301778401946,0.0,17.577999200487145,244.0289672001133,43.844389943115054,50.26389411575292,0.0,0.0,0.0,0.0,0.0,30000,29.291784663588093,0.0,30000,3.3160096022589167,6.654705373560495,500,440.00561935784503,0.0,4.907910323600114,0.0,168.22546034670594,102.45162331601942,17.66697468319514,14.32681155323416
883.6813214349776,0.0,0.0,7.056660598264182,30500,500,30500,43.835017173766815,30500,0.0,500,500,40.79547793327684,30500,0.0,420.65069032974077,102.73917311380346,500,30500,2500,125.00334000786366,0.0,32.58763252235444,156160000,0.0,0.0,0.0,10.21568355434615,883.6813214349776,0.0,79.06763297821131,0.0,17.04729534978608,195.41794544127197,30.954078689867085,42.02071635798454,0.0,0.0,0.0,0.0,0.0,30500,28.486860308449824,0.0,30500,3.686680956964019,6.496855456252731,500,484.73329660717144,0.0,4.654493328126818,0.0,187.7190230333412,108.91960902478863,20.496934968557206,14.339538318898926
674.2152326600367,0.0,0.0,5.87630145954691,31000,500,31000,47.19435977280962,31000,0.0,500,500,44.585998725472315,31000,0.0,413.59044448420065,114.21399392022731,500,31000,2500,126.11994545493133,0.0,33.49492504621835,158720000,0.0,0.0,0.0,10.993348915721144,674.2152326600367,0.0,59.80885168611793,0.0,17.17115936986886,200.525457163296,37.65666364267774,46.48015461625005,0.0,0.0,0.0,0.0,0.0,31000,30.77289846756587,0.0,31000,3.4933143565767932,6.530919672375925,500,479.9699312118356,0.0,5.155562548454525,0.0,184.57984034757527,110.25603142932943,19.244642772724944,14.269761582236233
606.5315028277381,0.0,0.0,10.817638885491341,31500,500,31500,46.7249866592828,31500,0.0,500,500,46.68429714818809,31500,0.0,420.73156997142945,109.2332069705729,501,31500,2501,123.3459738378408,0.0,33.12335263502565,161280000,0.0,0.0,0.0,10.291748423413722,606.5315028277381,0.0,43.65383386349292,0.0,16.590287872684943,168.14421426876683,44.520244758590565,32.522919880736055,0.0,0.0,0.0,0.0,0.0,31500,28.60382026569727,0.0,31500,5.334680269406817,6.439870198950272,500,458.5813280236026,0.0,4.7374741079195255,0.0,173.49587098351114,107.17280339221959,32.506724820378594,14.41565843402259
707.34640242838,0.0,0.0,2.166146878213514,32000,501,32000,46.9810826115159,32000,0.0,500,500,22.820160050440087,32000,0.0,412.59975212950525,107.72661062665134,500,32000,2502,124.20298096476199,0.0,34.67272606503713,163840000,0.0,0.0,0.0,11.082738967250565,707.34640242838,0.0,70.55812808540078,0.0,17.36376959021023,200.4882662967114,44.51715851630724,41.82708223561054,0.0,0.0,0.0,0.0,0.0,32000,28.686065902843044,0.0,32000,3.321865415282856,6.615270307131838,501,478.53564472750986,0.0,4.904665021551181,0.0,184.75302018250056,116.49014073029218,17.67023858204436,14.33461868714189
597.5674551816536,0.0,0.0,2.165266050570461,32500,500,32500,53.146101334481386,32500,0.0,500,500,22.87399911948351,32500,0.0,391.7935696394809,124.78513275566769,500,32500,2500,117.6422249385594,0.0,33.06991591505188,166400000,0.0,0.0,0.0,11.48735098236913,597.5674551816536,0.0,41.405560308526994,0.0,17.7852286775693,247.83862728782415,38.80244451875343,49.44773142665064,0.0,0.0,0.0,0.0,0.0,32500,34.04825329346249,0.0,32500,3.3367849005131083,6.695956207933429,500,427.94752381700334,0.0,5.464589396473445,0.0,163.91178165013847,102.17073713233145,17.693239442556607,14.313322404739187
658.6410359468422,0.0,0.0,2.158144927955061,33000,500,33000,48.75367908859315,33000,0.0,500,500,22.767216651372564,33000,0.0,383.75594576191503,119.91808853831323,500,33000,2500,119.9377869448457,0.0,33.26725839705577,168960000,0.0,0.0,0.0,10.019897132300441,658.6410359468422,0.0,60.61922568456544,0.0,15.064216026871863,197.43074951784862,46.08646539651293,46.40723250606369,0.0,0.0,0.0,0.0,0.0,33000,26.799246529371672,0.0,33000,3.3020836608986683,5.973220578809147,500,447.0591978833394,0.0,4.551509769817338,0.0,172.45809272820705,108.30730865697788,17.647432275703956,14.288071738582001
