MetaTest/sweep-into-v2/NumEpisodes,MetaTest/Average/TerminationRate,MetaTest/drawer-open-v2/TerminationRate,MetaTest/drawer-open-v2/MinReturn,MetaTest/drawer-open-v2/Iteration,MetaTest/door-close-v2/AverageDiscountedReturn,MetaTest/sweep-into-v2/Iteration,MetaTest/shelf-place-v2/Iteration,MetaTest/Average/SuccessRate,MetaTest/drawer-open-v2/SuccessRate,MetaTest/lever-pull-v2/TerminationRate,MetaTest/lever-pull-v2/SuccessRate,MetaTest/Average/MaxReturn,TotalEnvSteps,MetaTest/drawer-open-v2/AverageDiscountedReturn,MetaTest/shelf-place-v2/NumEpisodes,MetaTest/lever-pull-v2/NumEpisodes,MetaTest/shelf-place-v2/SuccessRate,MetaTest/lever-pull-v2/AverageReturn,MetaTest/shelf-place-v2/StdReturn,MetaTest/Average/MinReturn,TrainSteps,MetaTest/lever-pull-v2/MinReturn,MetaTest/door-close-v2/NumEpisodes,MetaTest/sweep-into-v2/AverageDiscountedReturn,MetaTest/door-close-v2/StdReturn,MetaTest/door-close-v2/TerminationRate,MetaTest/sweep-into-v2/MinReturn,MetaTest/shelf-place-v2/MaxReturn,MetaTest/lever-pull-v2/MaxReturn,MetaTest/door-close-v2/MinReturn,MetaTest/sweep-into-v2/SuccessRate,MetaTest/drawer-open-v2/AverageReturn,MetaTest/lever-pull-v2/AverageDiscountedReturn,MetaTest/Average/Iteration,MetaTest/drawer-open-v2/StdReturn,MetaTest/drawer-open-v2/NumEpisodes,MetaTest/sweep-into-v2/AverageReturn,MetaTest/shelf-place-v2/TerminationRate,MetaTest/sweep-into-v2/TerminationRate,MetaTest/lever-pull-v2/Iteration,MetaTest/Average/AverageReturn,MetaTest/door-close-v2/Iteration,MetaTest/shelf-place-v2/MinReturn,MetaTest/Average/NumEpisodes,MetaTest/lever-pull-v2/StdReturn,MetaTest/Average/StdReturn,MetaTest/door-close-v2/AverageReturn,MetaTest/sweep-into-v2/MaxReturn,MetaTest/shelf-place-v2/AverageReturn,MetaTest/sweep-into-v2/StdReturn,MetaTest/shelf-place-v2/AverageDiscountedReturn,MetaTest/Average/AverageDiscountedReturn,MetaTest/drawer-open-v2/MaxReturn,MetaTest/door-close-v2/SuccessRate,MetaTest/door-close-v2/MaxReturn
500,0.0,0.0,384.7868500543052,500,6.475805558608328,500,500,0.0284,0.0,0.0,0.0,3982.66040405023,2560000,122.02155562666009,500,500,0.0,169.5463905802532,0.0,0.0,500,74.13614514448085,500,52.77581719253366,3.9111864184811345,0.0,45.05249653922425,0.0,246.851900390335,31.872307793167447,0.142,621.560872055766,44.45036808866399,500,333.7922627856131,500,467.11617911722817,0.0,0.0,500,259.4858483553382,500,0.0,2500,44.86485742250997,582.4616779650963,39.205800023443295,3982.66040405023,0.0,1133.4498734786075,0.0,45.14470929329321,1900.2731938844136,0.0,46.66996310998773
501,0.0,0.0,360.45546299002854,1000,6.522640606870886,1000,1000,0.0,0.0,0.0,0.0,451.8449926990172,5120000,81.57038248869625,500,500,0.0,89.51537798596698,0.0,0.0,1000,35.24873056743978,500,21.168259300101965,3.821165131595024,0.0,19.182903443832643,0.0,136.65357683088402,32.25785992820162,0.0,379.3302155035148,33.53103887364481,1000,22.945448810936576,500,58.73138300894446,0.0,0.0,1000,113.35314993356317,1000,0.0,2501,28.89932820711869,137.87108314326662,39.29801670323896,196.83830143936314,0.0,32.66728751049162,0.0,28.555509353841288,451.8449926990172,0.0,46.79843674221341
500,0.0,0.0,361.376983450416,1500,6.785459265292587,1500,1500,0.0,0.0,0.0,0.0,427.641269789959,7680000,80.77929780630299,500,500,0.0,307.2492297587186,0.0,0.0,1500,152.1703239259547,500,17.87330712805277,3.852160789674567,0.0,11.157202539216028,0.0,427.641269789959,32.44617926148474,0.0,368.6105834829849,72.60619643844467,1500,6.770891115789472,501,75.06265886866562,0.0,0.0,1500,158.2132952609961,1500,0.0,2501,70.94644201276121,154.94835808209146,39.72320961816738,216.22288891255957,0.0,49.45881811744417,0.0,35.626913081508526,387.1327994109652,0.0,47.26077091358215
500,0.0,0.0,370.9803221647008,2000,3.745106632478551,2000,2000,0.0,0.0,0.0,0.0,410.24462456742924,10240000,86.69276811334954,500,500,0.0,245.65828361293504,0.0,0.0,2000,74.32668198929827,501,19.6842348679274,2.3951300711390875,0.0,26.185525964847482,0.0,374.1415189068844,14.641234077071612,0.0,378.2942474556186,51.57774688943192,2000,9.949355367462914,500,83.06697154007637,0.0,0.0,2000,145.0335054929737,2000,0.0,2501,92.81531178531398,154.33509588070214,18.401289288647195,295.5232478112245,0.0,70.33171031071076,0.0,32.32853792811923,410.24462456742924,0.0,24.014371525173882
500,0.0,0.0,364.8184317368537,2500,6.308635127461877,2500,2500,0.0,0.0,0.0,0.0,419.5375851851741,12800000,82.1087660335449,501,500,0.0,292.4135642828167,0.0,0.0,2500,116.02226052378751,500,24.194332624573494,3.6507081431747186,0.0,18.679412351504045,0.0,410.06982933908716,31.87743577677659,0.0,368.57643632042,69.78992411413745,2500,4.532427183384194,500,109.19499901889296,0.0,0.0,2500,161.67810379040958,2500,0.0,2501,86.47734730344409,153.38624690227172,38.52887553749891,419.5375851851741,0.0,78.4893496544725,0.0,36.46574528183081,382.3235665127832,0.0,46.36456709617943
500,0.0,0.0,384.1803149751848,3000,4.825668255936696,3000,3000,0.0,0.0,0.0,0.0,435.68216710987093,15360000,89.00280063899066,501,500,0.0,252.95842953564872,0.0,0.0,3000,90.24734929280407,500,13.611192450567382,4.094054307015046,0.0,28.345948438196928,0.0,359.73906246852977,24.632943293595385,0.0,393.84406554391694,56.110144349407285,3000,12.823475186987242,500,70.85235381140753,0.0,0.0,3000,150.1731444262358,3000,0.0,2501,78.06562519555538,155.33396101911384,33.51121952905842,216.70172347855436,0.0,44.46130276207933,0.0,32.696882386026,435.68216710987093,0.0,42.04598801617479
500,0.0,0.0,438.3050873382303,3500,3.427619244805466,3500,3500,0.0,0.0,0.0,0.0,557.9849031597773,17920000,100.34236312026226,500,501,0.0,176.1241500454732,0.0,0.0,3500,63.68753291085534,500,15.275368980088146,1.5824097927970782,0.0,1.082133570160203,0.0,282.1441497823605,13.764810286082112,0.0,469.94478252359636,51.047178800980355,3500,22.936221126632983,500,90.47999718355908,0.0,0.0,3500,150.5643260171306,3500,0.0,2501,58.92489309488176,178.9305700997565,16.221580684967762,557.9849031597773,0.0,95.66039949075576,0.0,34.0253147748377,536.3326129605509,0.0,20.18981466316737
500,0.0,0.0,411.3573901728829,4000,3.7562118372967426,4000,4000,0.0,0.0,0.0,0.0,519.3769122954067,20480000,100.14257098948751,500,501,0.0,195.7700440845147,0.0,0.0,4000,59.20434380961889,500,14.012114944116613,1.9799930407272073,0.0,5.230290763548069,0.0,286.25980681064436,14.406237845250944,0.0,438.4809130579984,60.53231142241422,4000,24.83181945030537,501,73.90399485464656,0.0,0.0,4000,145.27156604337154,4000,0.0,2502,59.6728743141049,165.93486235715343,17.515462569586408,183.46396027284936,0.0,48.730304243582516,0.0,35.724332325767165,519.3769122954067,0.0,22.120548252885225
500,0.0,0.0,419.54181775110584,4500,3.127350951925473,4500,4500,0.0,0.0,0.0,0.0,481.1881213591294,23040000,96.43025757160707,500,500,0.0,115.71981592647455,0.0,0.0,4500,78.32533603164957,500,9.620317248112933,1.45727775716987,0.0,18.792500067295848,0.0,140.90452417785394,13.467370954855955,0.0,437.4335011307942,42.33021714755903,4500,14.484112310096618,500,47.79416288793426,0.0,0.0,4500,123.3320515188816,4500,0.0,2500,16.0878909101523,162.49575023396537,15.71277764920497,122.95223679643888,0.0,18.364868111510845,0.0,30.3016285838409,481.1881213591294,0.0,19.54316429494032
500,0.0,0.0,493.0458928286554,5000,3.41463407980647,5000,5000,0.0,0.0,0.0,0.0,1450.258575679591,25600000,128.3238530742365,500,500,0.0,264.15439006760437,0.0,0.0,5000,76.03833492240614,500,12.556505930121189,2.2750701373709443,0.0,1.1015662065278986,0.0,409.4202410933562,14.387975955915493,0.0,783.7749179821345,64.83662297407444,5000,237.14729400921235,500,63.46944461400683,0.0,0.0,5000,225.85641978495838,5000,0.0,2500,100.3306599660329,316.78094450854144,17.883346261046086,194.70670513256127,0.0,45.46802345363635,0.0,41.82632321164772,1450.258575679591,0.0,23.57925212715406
500,0.0,0.0,504.42310403976813,5500,3.1318858901799156,5500,5500,0.0,0.0,0.0,0.0,1353.794298773209,28160000,135.51308622643222,500,500,0.0,177.68816449754013,0.0,0.0,5500,84.64026566669693,500,15.997319549566418,1.4626929872054988,0.0,2.449125254027847,0.0,248.95848163473715,13.52158213774481,0.0,659.5131425279525,54.06615783837806,5500,214.4439931601541,500,93.33374256698397,0.0,0.0,5500,189.2538917391934,5500,0.0,2500,38.172824755160455,264.37689319604505,15.734409103490457,447.9124021919596,0.0,75.00618406561694,0.0,41.741689900911325,1353.794298773209,0.0,19.596473131539124
500,0.0,0.0,445.43301565799953,6000,3.430687932985891,6000,6000,0.0,0.0,0.0,0.0,647.1377903893792,30720000,106.61316876864734,500,500,0.0,91.50060717597121,0.0,0.0,6000,25.535558077381122,500,10.529930644204809,2.1550125401969913,0.0,8.435014425438272,0.0,139.86344737976424,14.649235867330972,0.0,537.7680178977263,39.694207962574964,6000,32.08466756751919,500,55.214387160120665,0.0,0.0,6000,140.54831543682718,6000,0.0,2500,27.229064758351758,202.28012982903837,18.25856495031785,161.12780903696537,0.0,25.12173577995872,0.0,32.053599061682604,647.1377903893792,0.0,22.155167234168715
501,0.0,0.0,409.815959471809,6500,3.4098857533656775,6500,6500,0.0,0.0,0.0,0.0,504.2961507360328,33280000,95.00158340825772,500,500,0.0,128.66157633343394,0.0,0.0,6500,29.22831757296358,500,6.851839123793522,2.4691222439411153,0.0,11.492438976066332,0.0,303.40179164171894,14.639373777382305,0.0,434.1763277998514,49.93047200550141,6500,19.237567405592984,500,17.35072666052526,0.0,0.0,6500,119.69714047028994,6500,0.0,2501,68.7308130011932,166.79593032980435,18.501764385258593,30.02877930957585,0.0,4.329316740747423,0.0,31.02908515976927,504.2961507360328,0.0,24.291576213301198
500,0.0,0.0,410.1536443283086,7000,3.2779463475103694,7000,7000,0.0,0.0,0.0,0.0,830.6186670908584,35840000,119.5226343712858,500,500,0.0,61.77233892013484,0.0,0.0,7000,26.24104575796861,500,20.580990910500937,2.1574442247117758,0.0,27.728522839706987,0.0,94.23970741528753,14.269036754798334,0.0,491.7091124822273,26.716628987814662,7000,79.65068945172304,500,78.66063465209201,0.0,0.0,7000,129.9524180659712,7000,0.0,2500,16.67933081618021,187.49738602722246,17.620004275401698,190.95589180887703,0.0,38.67536064110227,0.0,34.01964012342236,830.6186670908584,0.0,22.80153840094323
500,0.0,0.0,486.13282650110165,7500,3.641872814061175,7500,7500,0.007996801279488205,0.0,0.0,0.0,1950.719113702846,38400000,152.2934224090403,500,500,0.0,122.72113476440613,0.0,0.0,7500,34.13769616808319,501,24.6387106944138,2.3132854679942954,0.0,28.73957165955257,0.0,402.7063618435034,14.59390783747654,0.04,906.174211631438,46.40085553313237,7500,445.3731381833414,500,120.79097041938643,0.0,0.0,7500,233.50216061311124,7500,0.0,2501,58.58255810880273,402.49367125937124,18.25498061033122,973.1030670486574,0.0,173.56284883764258,0.0,45.37827772816388,1950.719113702846,0.0,24.422065300073353
500,0.0,0.0,562.3527566019046,8000,3.0822466859374464,8000,8000,0.0,0.0,0.0,0.0,1879.479920362217,40960000,210.22641184577893,500,500,0.0,179.9050768389457,0.0,0.0,8000,39.35303911522984,500,19.870300285739738,1.4142051409443228,0.0,20.717433443438292,0.0,336.2380345749892,13.475771278242707,0.0,1251.4986586405012,53.47585049555188,8000,423.2891963321658,500,74.85575501988392,0.0,0.0,8000,304.3775508958424,8000,0.0,2500,80.86528269426347,515.6623400463398,15.628263979881446,315.74400016375915,0.0,50.886329776610445,0.0,57.3309618626016,1879.479920362217,0.0,19.366870475740274
500,0.0,0.0,455.35093173369023,8500,3.472803411619607,8500,8500,0.02,0.0,0.0,0.0,3305.3975796117957,43520000,130.22363536690563,500,500,0.0,209.24282225974648,0.1144902945875176,0.0,8500,55.80740553153738,500,36.08844412351153,1.9429881503758835,0.0,3.7638919935038784,0.8177878184822686,299.07266111504595,13.968844307452889,0.1,631.2722664386945,46.37832767228341,8500,193.11366624516504,500,383.3172086206619,0.0,0.0,8500,248.17466537179845,8500,0.0,2500,70.95542670293334,456.3545406511456,17.024673783519823,3305.3975796117957,0.01635575636964537,847.0006802209988,0.00011649455550737262,43.23266541377513,1139.3410555337737,0.0,21.63871218976663
501,0.0,0.0,486.4955739635529,9000,2.9380435521397477,9000,9000,0.09992006394884093,0.0,0.0,0.0,4239.12341010686,46080000,212.7265965895031,500,501,0.0,139.72495342579256,0.0,0.0,9000,53.176531462475694,500,152.61015655350187,1.3642268174004677,0.0,37.58831086109296,0.0,329.08019551176267,13.357626909634856,0.499001996007984,816.6177844304992,51.125163843284376,9000,191.2452900918191,500,1793.3428493207823,0.0,0.0,9000,553.3528246619251,9000,0.0,2502,56.597476433376954,1065.6518924517625,15.425811825705757,4239.12341010686,0.0,1805.3679301266438,0.0,83.89437073925313,1231.9555097398807,0.0,19.029849511278496
500,0.0,0.0,558.8931496115404,9500,3.391746551138897,9500,9500,0.0356,0.0,0.0,0.0,3795.153030444094,48640000,176.0750084503222,500,500,0.0,240.33293525988813,0.0,0.0,9500,72.32331938910951,500,45.78526630639893,2.306635171891347,0.0,36.43318592811491,0.0,385.5264843375525,14.376504768306884,0.178,707.2504443396748,59.997928820190225,9500,160.68818306577057,500,478.9668192504682,0.0,0.0,9500,288.9174429235663,9500,0.0,2500,86.14661987418599,544.0417169400055,18.03701576780039,3795.153030444094,0.0,1037.462520505702,0.0,57.04999002561004,1193.872571569717,0.0,24.415745428419807
500,0.0,0.0,445.80477780844626,10000,3.2768509544108797,10000,10000,0.012395041983206718,0.0,0.0,0.0,4244.594678843905,51200000,133.9505802165136,500,501,0.0,98.06548693353132,0.0,0.0,10000,51.11767182889983,500,41.06765241886894,2.1635117284155743,0.0,21.706318467832986,0.0,142.4071611123794,14.26769200291475,0.062,497.83355995129943,49.192647709059244,10000,46.78667565962806,500,267.2532683768422,0.0,0.0,10000,176.12335364202033,10000,0.0,2501,17.329824712169977,408.2618233177942,17.620568681845597,4244.594678843905,0.0,810.6648115568827,0.0,45.499023709370405,654.4149131538665,0.0,22.893237150438047
500,0.0,0.0,445.7105720641292,10500,3.4477268738840845,10500,10500,0.008,0.0,0.0,0.0,4294.8494365904735,53760000,182.71532373317444,500,500,0.0,115.92878556032042,0.0,0.0,10500,24.630475781914452,500,34.25734033927557,2.149463171444321,0.0,16.551906320590156,0.0,338.7499262990624,14.500490925088808,0.04,800.9082982577933,43.879927677043796,10500,237.9065882942837,500,236.75580196110118,0.0,0.0,10500,234.27875051241188,10500,0.0,2500,68.32501382255683,440.21368833921844,17.800866782844437,4294.8494365904735,0.0,686.1755483071543,0.0,52.86006372467558,1262.2851259677484,0.0,22.915044112855266
500,0.0,0.0,552.7191192451985,11000,3.6237406938224885,11000,11000,0.0796,0.0,0.0,0.0,4363.839385125821,56320000,166.24638571899507,500,500,0.0,203.57310369024538,0.0,0.0,11000,62.86285770219946,500,112.95583566111739,2.287626822857813,0.0,23.038664700570745,0.0,329.8306545474869,14.564535441439409,0.398,649.6615668381509,57.703529501043306,11000,110.36600091099858,500,1223.7926591509286,0.0,0.0,11000,419.0173150567226,11000,0.0,2500,69.991679436857,869.8582546510271,18.059245604288307,4363.839385125821,0.0,1637.8531606982483,0.0,68.10589831499564,1012.8379105503592,0.0,23.081808450591623
500,0.0,0.0,435.51598623743047,11500,3.3453445746137924,11500,11500,0.1036,0.0,0.0,0.0,4250.069110167735,58880000,135.52075330951712,500,500,0.0,215.50128658480756,0.16185057539086717,0.0,11500,58.766261584747035,500,113.75001368844377,1.7042132093300357,0.0,41.66965552053902,1.1094476632112473,362.750056918369,14.382658054919272,0.518,484.87482563043693,60.68781873667788,11500,43.110990654815105,500,1402.6698669525088,0.0,0.0,11500,424.01381864935996,11500,0.0,2500,84.66241020063684,886.1853398291621,16.99271030524389,4250.069110167735,0.0304037738022438,1602.253336111327,0.0004950033455924586,62.660885062519625,635.0987042851266,0.0,21.13813763577345
500,0.0,0.0,435.559725278442,12000,3.845964431416288,12000,12000,0.0712,0.0,0.0,0.0,4073.7200821515735,61440000,146.68934537362006,500,500,0.0,138.86100884121302,0.0,0.0,12000,35.4632631127617,500,109.52727916700145,4.568396288706777,0.0,21.28048844499651,0.0,356.44732073088494,14.559435132814755,0.356,714.0217024042835,53.739357194407965,12000,148.06253050507252,500,1277.6851366904634,0.0,0.0,12000,430.0116499529056,12000,0.0,2500,74.45853583077161,908.6377316225787,19.490401828568697,4073.7200821515735,0.0,1692.1012735090865,0.0,62.76038923328916,1118.2183800556172,0.0,36.86852182104941
500,0.0,0.0,570.543612801781,12500,3.5332234099397737,12500,12500,0.036,0.0,0.0,0.0,4246.0529230548345,64000000,159.1093731083303,500,500,0.0,133.18398645779564,0.0,0.0,12500,66.30824891860321,500,59.85814875725034,5.419096090324249,0.0,13.479385162632143,0.0,179.17010442528624,14.38297617537774,0.18,767.3490230485424,45.12581981908287,12500,199.5617374152475,500,541.1906284327684,0.0,0.0,12500,292.1704978886473,12500,0.0,2500,28.751152815349222,627.9538056625505,19.12885150412999,4246.0529230548345,0.0,1207.4565500656317,0.0,53.525313018920656,1352.9959963731844,0.0,42.302198693630764
500,0.0,0.0,591.8795612490876,13000,3.27153448889744,13000,13000,0.0,0.0,0.0,0.0,1047.083330231645,66560000,226.1796679395107,501,500,0.0,152.32255772073364,0.0,0.0,13000,73.794990734688,500,23.720878391586815,2.1592706611587675,0.0,13.513470836555499,0.0,261.5915484746254,14.266596141713466,0.0,724.8282850401409,47.496552668145206,13000,97.81459323078607,500,86.95173149435276,0.0,0.0,13000,196.2663700548438,13000,0.0,2501,35.72047516404685,274.3676830798018,17.621808759101334,185.1894572672318,0.0,43.82371856905183,0.0,60.109682824498236,1047.083330231645,0.0,22.766320770189953
500,0.0,0.0,1142.6657850986574,13500,3.2871725628594577,13500,13500,0.0,0.0,0.0,0.0,2405.8300255044624,69120000,332.06713804845117,500,500,0.0,181.30439449189737,0.0,0.0,13500,64.77184414994885,500,16.16667258097204,2.1749402676528686,0.0,15.94417716198565,0.0,385.90661164248775,14.299340531438013,0.0,2071.073526043963,61.090504614912575,13500,346.945104103863,500,65.1440984482392,0.0,0.0,13500,467.0341594594891,13500,0.0,2500,69.02098664705667,820.1122917365246,17.648778313346682,155.1857130893694,0.0,40.17196648728686,0.0,82.52229756143905,2405.8300255044624,0.0,22.869130763187425
500,0.0,0.0,789.7815590064207,14000,3.289154795502593,14000,14000,0.0,0.0,0.0,0.0,1146.162345369814,71680000,272.55021662649864,500,500,0.0,95.2395890577723,0.0,0.0,14000,54.588294554402886,500,18.814929018595613,2.129862445616742,0.0,16.600020133571565,0.0,167.52894625202066,14.172944013748735,0.0,949.1394433466934,38.86243617782953,14000,95.5758485751785,500,81.77181090211444,0.0,0.0,14000,228.7205398252933,14000,0.0,2500,19.29434214770183,365.3575030572659,17.45185581988619,213.23580457262742,0.0,50.56621932791731,0.0,66.70334732368528,1146.162345369814,0.0,23.04884943326519
500,0.0,0.0,487.3459974333457,14500,3.1092679651150323,14500,14500,0.0,0.0,0.0,0.0,1482.6922798302658,74240000,195.14010661705342,500,500,0.0,88.45015793466031,0.0,0.0,14500,55.6366600747544,500,19.557413411143788,1.7662974083268035,0.0,18.19092842434821,0.0,186.95657470145034,13.458167932085805,0.0,1060.205330929449,39.409667166976014,14500,300.34712625915796,500,79.82101767598553,0.0,0.0,14500,248.95386788728507,14500,0.0,2500,31.91634181509757,429.92103517180715,16.292832896330243,381.791625354622,0.0,65.76343760902014,0.0,51.44329103205765,1482.6922798302658,0.0,20.10748533594095
500,0.0,0.0,730.2732779354459,15000,3.5952692762385428,15000,15000,0.008,0.0,0.0,0.0,3496.512071391933,76800000,222.13693291468613,500,500,0.0,126.26668243507703,0.0,0.0,15000,60.47471804393571,500,14.843616218968146,35.05708157413981,0.0,9.515249449531316,0.0,295.5375338313739,13.566060884436903,0.04,1400.422948623328,47.08432980574008,15000,497.5842255175402,500,124.86022261117506,0.0,0.0,15000,335.07485034376765,15000,0.0,2500,55.60524376773654,621.7639221676211,23.824398049258285,3496.512071391933,0.0,499.13050434432034,0.0,57.53202964312658,2094.5050931749943,0.0,233.3150502527647
500,0.0,0.0,543.0288461008578,15500,3.3129072426951787,15500,15500,0.0,0.0,0.0,0.0,1974.7196094283936,79360000,274.5381155487757,500,500,0.0,230.2611703069101,0.0,0.0,15500,49.39052714488368,500,15.118308447554876,3.6456927883188928,0.0,14.333729102553002,0.0,408.949680346633,14.277205935607762,0.0,1418.8617776987026,67.23845554086637,15500,311.552110049888,500,71.06043883208494,0.0,0.0,15500,347.52205953696387,15500,0.0,2500,96.86077303353555,561.7884076013329,17.426910847121906,330.52564651120434,0.0,62.34366239692223,0.0,72.04155735597843,1974.7196094283936,0.0,39.88825103343477
500,0.0,0.0,402.230504645189,16000,3.3211273041767355,16000,16000,0.0,0.0,0.0,0.0,530.9964554699567,81920000,122.2135249738541,500,500,0.0,103.98297716100689,0.0,0.0,16000,39.490426652339565,500,10.011036109112858,2.2935151460671097,0.0,7.454887035081587,0.0,229.59211300634232,14.35518020990833,0.0,458.3122298763043,48.43812374132794,16000,36.66824069773471,500,37.690929925592584,0.0,0.0,16000,123.5620518151572,16000,0.0,2500,39.17424240099367,172.9670359688962,17.82412211288223,116.64274710096944,0.0,20.989864856480114,0.0,36.796762425694325,530.9964554699567,0.0,24.055815220807254
500,0.0,0.0,640.323690616648,16500,3.5812069554597477,16500,16500,0.0,0.0,0.0,0.0,2093.1414719633935,84480000,264.92403884459185,500,500,0.0,99.93455801434088,0.0,0.0,16500,20.077388228528694,500,13.765366389310476,23.255333636041915,0.0,16.2724063027743,0.0,202.67397601981577,14.415381707703029,0.0,1462.3054200754627,38.27723219046339,16500,462.08598721871704,500,49.47577080384489,0.0,0.0,16500,326.5958994098334,16500,0.0,2500,54.20067956182257,605.9302464425367,21.263748155518844,186.93111829927903,0.0,29.252097102954444,0.0,64.1095688759651,2093.1414719633935,0.0,196.3413962520936
500,0.0,0.0,783.7432222143874,17000,3.001334529950447,17000,17000,0.0,0.0,0.0,0.0,2162.827748420023,87040000,291.51325528227807,500,500,0.0,121.44931971865697,0.0,0.0,17000,24.791516620823266,500,11.838548524555224,1.4127449578809452,0.0,10.86405771824013,0.0,373.450493040611,13.395527826291463,0.0,1541.7363834756604,47.24483275475888,17000,268.555463347375,500,49.4168008305556,0.0,0.0,17000,345.6243579736093,17000,0.0,2500,84.32888952000025,612.6901453414519,15.51928584317331,120.58393111258782,0.0,24.653172942575523,0.0,70.71959421830853,2162.827748420023,0.0,19.14100953103872
501,0.0,0.0,466.5789806133188,17500,3.1652439589454677,17500,17500,0.0,0.0,0.0,0.0,2308.8156231759576,89600000,264.14109982890113,500,500,0.0,179.50070774848066,0.0,0.0,17500,60.1496035239076,500,18.64981516567392,2.0518238990325646,0.0,7.180632613537096,0.0,310.92158939036767,13.477674641782833,0.0,1358.9794025308597,60.34715181501536,17500,589.8897229290079,500,69.44408645272668,0.0,0.0,17500,324.78371417095065,17500,0.0,2501,72.98994977607195,584.9794813999288,16.505053378122653,198.4585130492604,0.0,43.211321155501615,0.0,69.24042590940967,2308.8156231759576,0.0,23.074917690557353
501,0.0,0.0,829.9728327447018,18000,3.278007580278533,18000,18000,0.0,0.0,0.0,0.0,2442.4247328957435,92160000,273.3851573837771,500,500,0.0,225.25561134477448,0.0,0.0,18000,53.22698694997164,500,13.26374195697375,2.1605851620627763,0.0,19.196181202002485,0.0,399.94607144896514,14.266618064211295,0.0,1188.284028507693,48.1632854476619,18000,522.2352286692428,500,50.26268109110526,0.0,0.0,18000,296.186497996611,18000,0.0,2501,93.74734927790335,511.5448829456041,17.622016673293665,165.24108322080528,0.0,24.430391995821616,0.0,67.59630544834171,2442.4247328957435,0.0,22.786197253421854
500,0.0,0.0,1220.9677041082232,18500,3.240997383466832,18500,18500,0.004,0.0,0.0,0.0,2278.355149846885,94720000,307.6452923399039,500,500,0.0,151.14429163669405,0.0,0.0,18500,73.04401613686413,500,24.425843228373278,2.0942073025348065,0.0,37.83845483120306,0.0,364.10802644105786,14.247579784030135,0.02,1873.6423656840964,50.49448488786172,18500,246.67996234854988,500,108.07900829695511,0.0,0.0,18500,430.0680680716315,18500,0.0,2500,43.04164463903639,733.0185063919934,17.47467474041207,235.16890216398264,0.0,57.43386689000051,0.0,77.16132356792113,2278.355149846885,0.0,22.725798166287507
500,0.0,0.0,1232.5973245772946,19000,3.2529338841674087,19000,19000,0.0,0.0,0.0,0.0,2258.641350483896,97280000,292.624479966669,500,501,0.0,155.51289686676495,0.0,0.0,19000,40.094424094757805,500,19.302645528363414,2.5892134971997085,0.0,12.991040067769656,0.0,377.83874777996334,13.470819442404764,0.0,1956.967057272011,59.931834639379495,19000,217.4865778930197,500,93.26471922109523,0.0,0.0,19000,444.5148823572917,19000,0.0,2501,79.60532887988985,766.4764510021367,17.407742397569056,695.4180005452362,0.0,101.77172470375454,0.0,75.01634499957179,2258.641350483896,0.0,23.66713717988451
500,0.0,0.0,863.1717455082935,19500,3.3240907380374867,19500,19500,0.0,0.0,0.0,0.0,2104.0622396019317,99840000,203.2907002123322,500,500,0.0,236.30815789458273,0.0,0.0,19500,98.47994207472414,500,19.725054594271562,2.2666904368388208,0.0,11.1510806440495,0.0,382.0866650903434,14.285910087115564,0.0,1505.6805178929683,63.75497090324208,19500,322.04356843091716,500,66.86814329802918,0.0,0.0,19500,365.3250277361512,19500,0.0,2500,71.29378152168141,594.9484607610726,17.768319595175402,126.60279124279432,0.0,25.056015359558106,0.0,58.018963289576675,2104.0622396019317,0.0,22.914448504892153
500,0.0,0.0,497.3637110617025,20000,3.2984242787425675,20000,20000,0.0,0.0,0.0,0.0,1881.5958743644642,102400000,187.01256321122992,500,500,0.0,161.4168053622275,0.0,0.0,20000,54.30771599160559,500,14.428221401222936,2.5101420011237128,0.0,13.811820259859399,0.0,400.7283737030289,14.286535768652369,0.0,890.2563807815548,60.210749050656815,20000,432.0327594199425,500,52.27082200463039,0.0,0.0,20000,224.3152154491718,20000,0.0,2500,66.86822321106466,390.3736294740847,17.632069097446262,162.37224000470601,0.0,27.55956792648186,0.0,52.98999158837043,1881.5958743644642,0.0,23.971337055146805
500,0.0,0.0,1049.0812481880273,20500,3.0846246303132334,20500,20500,0.027988804478208718,0.0,0.0,0.0,4274.0110977587065,104960000,289.7449948149298,500,500,0.0,219.27973212515542,0.010962141606604085,0.0,20500,54.467988292956626,501,52.822478118058775,1.8261403715195657,0.0,20.71438585408645,0.07943015053352376,375.9710115620266,13.394437661924531,0.14,1433.92368118751,47.21036161833269,20500,439.78646033837424,500,450.4403903995485,0.0,0.0,20500,423.729872070237,20500,0.0,2501,89.90503770625922,763.5893580797695,15.819810759853684,4274.0110977587065,0.0015660017380036684,1142.6886575041287,1.3575611834042355e-05,78.54231147671071,2285.3501779603407,0.0,22.160881118778555
500,0.0,0.0,1063.3825703353446,21000,2.985886385649367,21000,21000,0.008,0.0,0.0,0.0,2811.3693471936203,107520000,290.5590556471913,500,500,0.0,158.98744785786647,0.0,0.0,21000,55.987126047718476,500,26.40700128139808,1.3633988345284542,0.0,11.446109678579505,0.0,297.5267552935226,13.394057391795721,0.04,1307.3376499184058,58.72199670849223,21000,314.50865102145923,500,186.98298636218829,0.0,0.0,21000,333.76211505674394,21000,0.0,2500,68.43722955476665,564.4875472268743,15.502491145259013,2811.3693471936203,0.0,526.3114984520079,0.0,75.73478800454617,2250.00866092229,0.0,19.126227292377795
500,0.0,0.0,849.5974112531405,21500,3.264543283503889,21500,21500,0.0,0.0,0.0,0.0,1604.581782062714,110080000,263.62481929643275,500,502,0.0,105.83273961568189,0.0,0.0,21500,20.25555337995852,500,14.593445542482087,2.1663761924860454,0.0,25.747626849160152,0.0,242.4208371150377,13.622819120400926,0.0,1197.8189733895533,38.801513427894825,21500,141.24420126471753,500,61.41713880594177,0.0,0.0,21500,276.39615606398087,21500,0.0,2502,62.73147965175812,467.34800090668557,17.594182174520483,250.398494308468,0.0,34.94710046513964,0.0,64.03667617986115,1604.581782062714,0.0,22.742622187640084
500,0.0,0.0,574.3633808468935,22000,3.230758701964353,22000,22000,0.0,0.0,0.0,0.0,2477.6440498506313,112640000,256.1184632491765,501,500,0.0,80.61079043488138,0.3321359405710635,0.0,22000,16.51928269436751,500,14.378848549961912,2.142190342301875,0.0,10.673211429814238,2.3747224235716287,199.73386177629516,14.247950795573288,0.0,1458.169959785872,34.27408245951766,22000,601.7079427453868,500,51.01458407122394,0.0,0.0,22000,321.3529397930585,22000,0.0,2501,47.676386658969626,630.0299521315773,17.564576104430156,268.12496959111155,0.0473996491730864,45.04167110904186,0.0017331921051521736,61.57614746483601,2477.6440498506313,0.0,22.715230163341385
500,0.0,0.0,458.20566065782987,22500,3.386836070479618,22500,22500,0.0,0.0,0.0,0.0,2541.572284273459,115200000,298.4402179504323,501,500,0.0,94.77936719353238,0.0,0.0,22500,31.52264965053676,500,11.940585605420258,2.391570192263237,0.0,14.689986317787614,0.0,179.70865476629874,14.481938796659954,0.0,1799.7560289182118,43.66475447210671,22500,650.7950172736394,500,39.253747045321184,0.0,0.0,22500,390.28214671198225,22500,0.0,2501,39.799932335329856,763.180696657905,18.402154696269964,66.70784505652284,0.0,13.633857439475744,0.0,71.45789566142321,2541.572284273459,0.0,23.8248512957996
500,0.0,0.0,759.3748146619774,23000,2.9457295578466165,23000,23000,0.007996801279488205,0.0,0.0,0.0,3574.3862810221817,117760000,281.2705916868558,500,500,0.0,161.1360589846166,0.0,0.0,23000,57.67672734428147,500,27.02108965917577,1.3785350974865649,0.0,14.028157356393953,0.0,299.90241865860446,13.371160696170723,0.04,1234.0341626274005,62.97214983498484,23000,498.84061308904535,501,214.67072940276597,0.0,0.0,23000,325.4186799313078,23000,0.0,2501,54.70599630123971,590.5294366337503,15.435217676363504,3574.3862810221817,0.0,650.7795543169677,0.0,74.92445060420566,2521.409541862291,0.0,19.272072421645078
500,0.0,0.0,1079.1826655401337,23500,2.9229399280384003,23500,23500,0.0,0.0,0.0,0.0,2546.158192873206,120320000,309.13483524252325,500,501,0.0,127.39542644028603,0.0,0.0,23500,38.72865754593433,500,15.171222479950877,1.3585498051785498,0.0,13.760783313881712,0.0,234.07758204978433,13.355480998452464,0.0,1797.6998545240974,54.23614323445189,23500,448.43015299048494,500,53.837219003146444,0.0,0.0,23500,398.7578427018195,23500,0.0,2501,51.31502208774567,729.1978987745557,15.399438374091071,80.65598329771198,0.0,14.699756924069648,0.0,76.28420895070639,2546.158192873206,0.0,19.110112407945536
500,0.0,0.0,804.5239012863094,24000,3.1665956278283365,24000,24000,0.0,0.0,0.0,0.0,2146.259002183135,122880000,234.8996127662571,500,500,0.0,98.12985340534907,0.27926926957900977,0.0,24000,24.712554452877328,500,12.178237743534133,1.975490493531756,0.0,16.57198311548575,1.6597567201739953,199.21523500064075,13.538635118084144,0.0,1645.8479605214457,41.43722942219094,24000,337.7217755827687,500,47.71739483519289,0.0,0.0,24000,361.6315428088521,24000,0.0,2500,49.196719161001305,660.8928521146008,16.406541892091795,117.3427990465593,0.05596339018130676,17.67125968457971,0.007438729285367121,58.33782285781917,2146.259002183135,0.0,20.88644853112302
500,0.0,0.0,1132.803011481953,24500,3.059679621346965,24500,24500,0.011995201919232307,0.0,0.0,0.0,3130.1780679447706,125440000,349.29298407738037,500,500,0.0,235.69124837072292,0.0,0.0,24500,81.56405829663626,501,23.258607654445978,1.4387728302231646,0.0,19.32932382256437,0.0,406.22847464262617,13.430932328769535,0.06,1443.1772165881116,59.7097280827143,24500,220.20383996811682,500,226.74299686766923,0.0,0.0,24500,384.096706661043,24500,0.0,2501,75.98997164301008,614.5332695120044,15.609046798436829,3130.1780679447706,0.0,618.6467646699081,0.0,87.03061151442031,2117.7132341010424,0.0,19.39389402438723
500,0.0,0.0,1604.05153395844,25000,3.2682067271592863,25000,25000,0.0,0.0,0.0,0.0,2443.5761263093505,128000000,355.85733479154123,500,501,0.0,168.8858510663939,0.0,0.0,25000,52.967849440974774,500,8.083338626259525,1.7987884512163157,0.0,13.477687321517996,0.0,287.7338524527876,13.67012922422471,0.0,2248.049550551115,46.22976320362281,25000,170.62912401400663,500,28.67238407308208,0.0,0.0,25000,492.19967349558925,25000,0.0,2501,61.615624579101514,883.5199857333726,16.03720943221389,53.78686396734593,0.0,8.887537390148461,0.0,82.67315131447222,2443.5761263093505,0.0,22.956397492790714
500,0.0,0.0,489.6468560779445,25500,2.9408808349971975,25500,25500,0.0,0.0,0.0,0.0,1447.201558308892,130560000,177.33348733832716,500,500,0.0,182.32788233677198,0.0,0.0,25500,54.12362048148678,500,21.274624533547293,1.4611020173228895,0.0,13.171651768941324,0.0,291.8663198223284,13.339126599445565,0.0,750.9253548294018,48.794824866511696,25500,222.83466582128358,500,87.30301454077396,0.0,0.0,25500,207.20789529913552,25500,0.0,2500,61.45501720901466,298.9408960229676,15.48322478872981,215.24391315294793,0.0,55.46009281251665,0.0,50.068763514676675,1447.201558308892,0.0,19.653534039606917
500,0.0,0.0,1030.6148557186962,26000,2.9761061224065353,26000,26000,0.0,0.0,0.0,0.0,2177.71218921407,133120000,316.13517346772466,500,500,0.0,120.1336000191461,0.2896804193241331,0.0,26000,51.71306479575925,500,18.293666110228887,1.3863998249142893,0.0,27.201906606575033,2.069145852315236,202.95480680039748,13.364735340958717,0.0,1644.1087772902736,54.927298379305476,26000,276.0140994796059,500,87.28352667308818,0.0,0.0,26000,373.4065724899059,26000,0.0,2500,41.107791971913926,649.4378478478799,15.465575549975888,339.64537669328456,0.04138291704630472,52.44940517829022,0.0003509408999449968,78.4665190041131,2177.71218921407,0.0,19.21946997263847
501,0.0,0.0,1049.49608081012,26500,3.2879883031608665,26500,26500,0.019592163134746102,0.0,0.0,0.0,3459.313074164217,135680000,347.90163215961786,500,500,0.0,173.29329002240036,0.0,0.0,26500,46.38140736467042,500,30.787863679505108,2.069802036818476,0.0,12.951528409460911,0.0,327.3078043071141,13.91038918917911,0.09780439121756487,1909.4275782929808,58.989617933934376,26500,413.3920400490559,500,253.7483389638081,0.0,0.0,26500,470.64279366081706,26500,0.0,2501,79.73734252528085,818.7148419622574,17.17854993429015,3459.313074164217,0.0,735.9903164013951,0.0,88.17046737376593,2353.758803094273,0.0,20.99387188545015
500,0.0,0.0,964.5583185711944,27000,4.476044929832473,27000,27000,0.0,0.0,0.0,0.0,1744.7970040554933,138240000,269.4356133597663,500,500,0.0,100.53960927146844,0.625258603592665,0.0,27000,38.10995237080945,500,16.37083901781203,6.670416374134749,0.0,6.308141563106404,4.46613288280475,181.33661049648563,13.542346715889966,0.0,1294.3934461860065,47.206905716858046,27000,184.86549115411296,500,70.07967562626608,0.0,0.0,27000,297.47860571127393,27000,0.0,2500,41.46103991882352,507.01407848649086,22.290974814972294,137.46179706101546,0.089322657656095,29.56631713707921,0.004581653646550647,67.49879693558309,1744.7970040554933,0.0,33.00713466123548
501,0.0,0.0,403.12481970469355,27500,4.467241599336128,27500,27500,0.0,0.0,0.0,0.0,1657.0226367790426,140800000,273.33909576784583,500,500,0.0,193.20236466011005,0.0,0.0,27500,44.945176123797054,500,18.098035107326528,19.049662886201112,0.0,12.280742026931629,0.0,383.1980285774238,14.3272898153987,0.0,1233.6240552709423,58.79723562005164,27500,324.0691273107638,500,60.100873342447805,0.0,0.0,27500,303.2265720753913,27500,0.0,2501,98.09589998817233,493.8476486958814,29.691818500922135,151.41689513985287,0.0,34.1423740795785,0.0,70.91919315569267,1657.0226367790426,0.0,95.12190455943175
500,0.0,0.0,783.601970297288,28000,3.1481900200943236,28000,28000,0.0,0.0,0.0,0.0,2423.504660500185,143360000,269.8726654919434,500,500,0.0,79.37409641433645,0.0,0.0,28000,20.957119171119658,501,11.430263905363772,1.8852797212638563,0.0,11.445048035809656,0.0,155.66231052006017,13.468779323920586,0.0,1650.700627699617,34.59237840011392,28000,413.54839606644003,500,35.57426471549782,0.0,0.0,28000,356.2291607144941,28000,0.0,2501,39.22570757595097,673.7786944246087,16.17691922599656,110.64197206763987,0.0,18.47773294137515,0.0,63.78444506148652,2423.504660500185,0.0,23.29303276166314
501,0.0,0.0,438.9071036137859,28500,4.6051064023513595,28500,28500,0.0,0.0,0.0,0.0,1832.7797201264084,145920000,154.22943882980815,500,500,0.0,200.65034909870377,0.0,0.0,28500,64.65438067158254,500,17.887792563594548,11.040660155480234,0.0,12.306433473462302,0.0,384.9332842138132,13.764743641594983,0.0,634.047917081142,65.86387532794953,28500,321.23870677546455,500,65.89142686225416,0.0,0.0,28500,185.10669599177382,28500,0.0,2501,92.67056009531412,279.8998997103211,25.18221745502826,321.26638842929464,0.0,63.979504463364215,0.0,48.50499574346877,1832.7797201264084,0.0,47.01357856540242
500,0.0,0.0,420.9051297619185,29000,5.87803377878453,29000,29000,0.0,0.0,0.0,0.0,2376.222136850177,148480000,309.75990447457656,500,500,0.0,153.95399372079464,0.0,0.0,29000,28.664559828378767,500,11.743283883450955,12.516542953516952,0.0,9.174567083302284,0.0,365.3911390494818,21.711647699843176,0.0,1738.8270416020443,53.19557739825397,29000,643.4901722520982,500,43.59495866759474,0.0,0.0,29000,394.0466021000408,29000,0.0,2500,90.92781963655321,734.499772584372,33.85701650976985,187.81110133564306,0.0,32.26357035012646,0.0,76.1153599070132,2376.222136850177,0.0,67.32553692002512
500,0.0,0.0,554.8409928623321,29500,3.3154761954069265,29500,29500,0.0,0.0,0.0,0.0,2297.52210617684,151040000,267.78078721719277,500,501,0.0,74.29377946012707,0.0,0.0,29500,16.2672300517011,500,12.028291789349266,1.4974302577497103,0.0,13.253054305483476,0.0,152.95531661490145,13.664476796961964,0.0,1513.4277348084008,30.69589280436026,29500,559.2446248196611,500,40.621527804847624,0.0,0.0,29500,328.7688243706971,29500,0.0,2501,40.047036768037216,643.6030923623036,16.010029869931138,91.50391927609161,0.0,18.70083978887028,0.0,62.751267451403024,2297.52210617684,0.0,20.121391886411086
500,0.0,0.0,448.0053019576913,30000,5.208430630139396,30000,30000,0.0,0.0,0.0,0.0,1243.7434259794234,153600000,142.08653431201066,500,500,0.0,210.90078997074963,0.0,0.0,30000,58.36602905550794,500,8.895965872648715,6.821309238485956,0.0,3.4231292104911386,0.0,412.0463580002842,21.625089542847903,0.0,560.7130814576706,58.81106749940356,30000,164.17001344728823,500,31.31902353592875,0.0,0.0,30000,166.3397569926377,30000,0.0,2500,88.33998468362765,226.98651315541585,28.765889998839512,114.2164093694421,0.0,21.680002179250366,0.0,43.00039966284047,1243.7434259794234,0.0,66.116812620152
500,0.0,0.0,387.03823377413914,30500,7.066528649419917,30500,30500,0.0,0.0,0.0,0.0,1650.368781272929,156160000,139.67546824979573,500,500,0.0,240.56883300532613,0.0,0.0,30500,69.12460679743751,500,18.212239196826218,17.175059708198955,0.0,10.447567876352847,0.0,404.27577715187545,22.222466128659995,0.0,604.8700041674197,61.77504896033083,30500,309.9538927535174,500,60.93510260954582,0.0,0.0,30500,190.34908324237153,30500,0.0,2500,88.03017065796362,266.70591322577195,45.37147642956623,267.55707318033365,0.0,56.529956575596884,0.0,45.34585701127454,1650.368781272929,0.0,92.65948519270216
500,0.0,0.0,437.96669826863905,31000,3.7128763759871237,31000,31000,0.0,0.0,0.0,0.0,1687.4284426773227,158720000,217.3671317369762,500,500,0.0,185.07906688302853,0.976424527841895,0.0,31000,41.92876302925257,500,11.568746493369344,5.381126271888095,0.0,9.615229033135696,8.135476823910905,372.71198978332535,13.732527514365954,0.0,1057.8027096248622,58.52551718581925,31000,383.5328185006555,500,45.424499632454896,0.0,0.0,31000,261.38401147607567,31000,0.0,2500,78.99104045202458,440.10984887071453,18.47451556798499,111.69506951414705,0.1392656720473993,33.45055459671536,0.006449137946087562,58.23614418601961,1687.4284426773227,0.0,37.309123949852804
